ACCOUNT_ID,ACCOUNT_NM,ACCOUNT_TYP_NM,CHURN_RSK_IND,CHURN_PROBABILITY,TERRITORY_SGMNT_NM,HAS_CMD_LINE,HAS_POWER_AUTOMATE,HAS_IMPORT_API,HAS_NATIVE_CONNECTOR,INTEGRATION_STATUS
0015Y00002uNVIg,Attivo Group Limited,Customer,Medium,,UK,TRUE,,,,established integration method
0011400001qzD72,"RPM Pizza, LLC",Former Customer,Churning,,ENT,,,,,flat file or unidentified method
0015Y00002wcKQ4,Noble Street Advisors,Former Customer,Churning,,SMB,TRUE,,,,established integration method
0011O00002GKC8r,"Venture Engineering & Construction, Inc.",Former Customer,Churning,,SMB,,,,,flat file or unidentified method
0015Y00002oElyb,IntelliBridge,Former Customer,Churning,,MM,,TRUE,,TRUE,established integration method
0011O00001yl9T0,"Asure Software, Inc.",Former Customer,Churning,,MM,,,,,flat file or unidentified method
0013000000qHzmw,"Strayer Education, Inc.",Former Customer,Churning,,ENT,,,,,flat file or unidentified method
0015Y00002oDb4V,Pearl Health,Customer,Medium,,SMB,,,,TRUE,established integration method
0015Y00003Din2lQAB,ASE Management Services Limited,Customer,Low,,UK,,,,TRUE,established integration method
0011400001s5CPNAA2,M-Files,Customer,Low,,MM,,,,,flat file or unidentified method
0015Y000039Ksfp,ProfitSolv,Former Customer,Churning,,SMB,,,,,flat file or unidentified method
0011O000021L19q,CancerCare,Former Customer,Churning,,MM,,,,TRUE,established integration method
0015Y00003qW9qZ,Preferred,Former Customer,Churning,,FINS,,,TRUE,,established integration method
0011O00001zwmDz,ASCAP,Former Customer,Low,,MM,,,,,flat file or unidentified method
001a000001UxoFe,Royal Poinciana Golf Club,Former Customer,Churning,,MM,,,,,flat file or unidentified method
0015Y00002ZuGgs,DSS Sustainable Solutions Switzerland SA,Customer,Low,,Intl,TRUE,,TRUE,,established integration method
001OO00000Ycv9oYAB,"Compass Restoration Intermediary Holdings,",Customer,Low,,SMB,,,,,flat file or unidentified method
0011O000021afSXQAY,NextNav LLC,Customer,Low,,MM,,,,TRUE,established integration method
0015Y00003gySHD,Moore Belgium BV,Customer,Low,,Intl,,,TRUE,,established integration method
0011O00001yo3qL,Roofstock,Former Customer,High,,FINS,,,,,flat file or unidentified method
0011O00002GJNQz,Ellingson Companies,Former Customer,Churning,,MM,TRUE,,,,established integration method
0011O00001ylgkE,FabFitFun,Customer,High,0.07,MM,,,,TRUE,established integration method
0011400001qzJwy,"Wisconsin Aluminum Foundry Co., Inc.",Customer,Churning,0.85,MM,,,,,flat file or unidentified method
0011O000022HgKY,Finext Performance Management,Customer,Low,0.12,Intl,TRUE,TRUE,TRUE,,established integration method
0011O00001yoC81,Friendship Public Charter School,Customer,High,0.57,MM,TRUE,,,,established integration method
0011O00001zxNZC,VillageReach,Customer,Medium,0.02,MM,TRUE,,TRUE,TRUE,established integration method
0015Y00003LZ5Uv,Jinx,Customer,High,1,SMB,,,,TRUE,established integration method
0011400001s5DPp,"RGL Holdings, Inc.",Customer,Low,0.02,MM,,,,TRUE,established integration method
0015Y00002ZuywQ,"Kuvare US Holdings, Inc",Customer,Low,0.01,FINS,,,TRUE,,established integration method
0011O00001ylHzH,"Beacon PT Company, LLC (DBA: Beacon Trust Company)",Customer,Low,0.07,SUB,,,,,flat file or unidentified method
0011O00002AK30r,Trustonic Limited,Customer,Low,0.52,UK,,,,,flat file or unidentified method
0011O00001zwYRW,Brilliant Corners,Customer,Medium,0.17,MM,,,,TRUE,established integration method
0011O00001yoCy7,Institute of Scrap Recycling Industries Inc,Customer,High,0.61,SMB,,,,TRUE,established integration method
0015Y00002xEZ39,Life Ambulance Network,Customer,Low,0,MM,,,,TRUE,established integration method
0011O00002Mln0O,"Hillwood Energy, L.P by HW Energy Investments, LLC its general partner and Hillwood International Energy, L.P. by:  Hillwood International Energy GP, LLC, its general partner",Customer,Medium,0,MM,,,,,flat file or unidentified method
001a000001NAZJ2,The Beacon Mutual Insurance Company,Customer,Medium,0.22,FINS,TRUE,,,,established integration method
0013000000qHwiB,Otter Tail Corporation,Customer,Low,0.01,ENT,TRUE,,,,established integration method
0011O00002D2CGR,ampliFI Loyalty Solutions,Customer,Medium,0.03,FINS,,,,TRUE,established integration method
0011O000022JgN9,"Relation Insurance, Inc.",Customer,Churning,0.43,SUB,,,,,flat file or unidentified method
0015Y00002Zv2k8,New You Bariatric Group LLC,Customer,Medium,0.27,MM,TRUE,,,TRUE,established integration method
0011O000024zQX5,KHQ Inc.,Customer,Low,0.06,MM,,,,,flat file or unidentified method
0015Y00006Idudw,Kingsley Management,Customer,Medium,0.19,CAN,,,,,flat file or unidentified method
0011400001s5E92,The Boelter Companies,Customer,Low,0.01,MM,,,TRUE,,established integration method
001a000001PZugS,Heritage Health Solutions Inc,Customer,Low,0,SMB,,,,TRUE,established integration method
0011O00002Dgcm0,Rocky Mountain Prep,Customer,Low,,MM,,,,,flat file or unidentified method
0015Y00004txzve,DDL Investments Inc DBA. Homefront Brands,Customer,Churning,,SMB,,,,TRUE,established integration method
0011O00001wdgDq,noosa yoghurt,Customer,High,0.56,MM,,TRUE,,,established integration method
0011400001kgqPj,Plug Power Inc.,Customer,High,0.17,ENT,TRUE,,,,established integration method
0011400001eefvg,George Fox University,Customer,Low,0.02,MM,TRUE,,,,established integration method
0011400001pYQM5,Safestore Self Storage,Customer,Medium,0.11,UK,,,,,flat file or unidentified method
001OO00000AejiD,The UNC at Chapel Hill - Kenan Institute of Private Enterprise,Customer,Low,0.13,ENT,,,,,flat file or unidentified method
0015Y00002oCeID,Select Hardware,Former Customer,Churning,,UK,,,TRUE,,established integration method
0015Y000069vnjA,Oddball,Former Customer,Churning,,SMB,,,,,flat file or unidentified method
0015Y00002tEPM8,Zufall Health,Customer,High,,MM,,,,,flat file or unidentified method
0015Y00003O7jUB,Proclivity Systems,Former Customer,Churning,,SMB,,,,,flat file or unidentified method
0011400001qyHTg,EmployBridge,Former Customer,Medium,,MM,,,,,flat file or unidentified method
0011400001fLevc,"Nutanix, Inc.",Former Customer,Churning,,ENT,TRUE,,TRUE,TRUE,established integration method
0015Y00004OFAojQAH,American Conservation Experience,Customer,Low,,ENT,,,,,flat file or unidentified method
001OO00000PCKUT,Ideon Technologies,Customer,Low,,CAN,TRUE,,,TRUE,established integration method
0011O000027CFNh,"PSI Control Solutions, Inc",Former Customer,Churning,,SMB,TRUE,,,,established integration method
0011400001e30sm,"Xcenda, LLC.",Former Customer,Churning,,MM,TRUE,,,,established integration method
001OO00000alh3EYAQ,Active Refrigeration Group,Customer,Low,,Intl,,,,,flat file or unidentified method
0011400001cjU0DAAU,"Acelero Learning, Inc.",Customer,Low,,ENT,TRUE,,,TRUE,established integration method
0015Y00002Zu9W0,Mercy Housing and Shelter Corporation,Former Customer,Churning,,SMB,,,,,flat file or unidentified method
0011O00002OLvli,Memphis Health Center Inc,Former Customer,High,,MM,,,,,flat file or unidentified method
0011O00001xS4Sb,Clio,Former Customer,Churning,,CAN,,,,,flat file or unidentified method
0015Y00002chnng,Repare Therapeutics,Former Customer,Churning,,CAN,,,,,flat file or unidentified method
0011400001il6YT,Edge Therapeutics,Former Customer,Churning,,SMB,,,,,flat file or unidentified method
0011O000027BnY1,CTS Cement Manufacturing Corporation,Customer,Medium,0.01,MM,,,TRUE,,established integration method
0011400001pYQcf,Redcentric,Customer,Medium,0.76,UK,,,,,flat file or unidentified method
0011O00002O3gbt,Cava Holding Company,Customer,Churning,0.87,ENT,TRUE,,,TRUE,established integration method
0015Y00002ZudZp,Heartland Computers Inc,Customer,Low,0.08,SMB,,,,,flat file or unidentified method
0011400001s5C6i,"inContact, Inc.",Customer,High,0.41,MM,,,,TRUE,established integration method
0015Y00002ZuzvW,"JAJ ENTERPRISES, LLC",Customer,Low,0.01,MM,TRUE,,TRUE,,established integration method
0015Y00004zjZYU,Sol-Ark,Customer,Churning,0.72,MM,,,,TRUE,established integration method
0011400001qzDFM,First Manhattan Co.,Customer,Low,0.51,FINS,,,,TRUE,established integration method
0011400001qz7ku,Equitrust Life Insurance Co. Inc.,Customer,Low,0,SUB,TRUE,,,,established integration method
0011400001s4wiF,"American Parkinson Disease Association , Inc.",Customer,Low,0.12,SMB,,,,TRUE,established integration method
0015Y00002yRWiX,LanzaJet,Customer,High,0.72,SMB,,,TRUE,TRUE,established integration method
0011400001s5Cp6,Oklahoma Blood Institute,Customer,Medium,0.02,MM,TRUE,,,,established integration method
0011400001qzDfi,Campbell Oil Company,Customer,Low,0,SUB,TRUE,,,,established integration method
0011400001qzKDf,"Tire Discounters, Inc.",Customer,Medium,0.01,ENT,TRUE,,,,established integration method
0011O0000250uO6,"Concept Plus, LLC",Customer,Low,0.01,MM,,,TRUE,,established integration method
001OO00000cmifOYAQ,The Business Bank,Customer,Low,,FINS,,,,,flat file or unidentified method
001OO00000B27aA,Metro Compactor Service,Former Customer,Churning,,SUB,,,,TRUE,established integration method
0011O00002VOvGZ,"Greystar Development Services, LLC",Former Customer,High,,ENT,,,,,flat file or unidentified method
0011400001ijtwq,Nexteer Automotive Corp.,Former Customer,Churning,,ENT,,,,,flat file or unidentified method
0011400001qzPU8,"Merrick Industries, Inc.",Former Customer,Churning,,MM,,,,,flat file or unidentified method
0015Y00005yhQWq,Medochemie Ltd,Customer,Low,,Intl,,TRUE,,,established integration method
0011400001s4xTF,Patra Corporation,Former Customer,High,,ENT,TRUE,TRUE,TRUE,TRUE,established integration method
0011400001s5E3Y,Global Excel Management Inc.,Former Customer,High,,CAN,,,,,flat file or unidentified method
0011O00001wdmWm,Jitasa,Former Customer,Churning,,SMB,,,,,flat file or unidentified method
0011O00002LStko,SkySpecs,Former Customer,Churning,,MM,,,,TRUE,established integration method
0011400001qzADbAAM,Prince Rupert Port Authority,Customer,Low,,CAN,,,TRUE,TRUE,established integration method
001OO00000cquhzYAA,The Education People,Customer,Low,,UK,,,,,flat file or unidentified method
0011O00002OLlWJ,Hausmann Group,Former Customer,Churning,,FINS,,,,,flat file or unidentified method
001a000001UxmvL,Forestry Resources Inc.,Former Customer,High,,SMB,TRUE,,,,established integration method
0011O00002Ht9HF,VisualDx,Former Customer,Churning,,SMB,,,,,flat file or unidentified method
0011O00002DQiWT,"Place Services, Inc.",Former Customer,Churning,,MM,TRUE,,,,established integration method
0015Y00002lxJVV,SecZetta,Former Customer,Churning,,SMB,,,,TRUE,established integration method
0011O000021LMig,Movable Ink,Former Customer,Low,,MM,,,,,flat file or unidentified method
0011400001udhAR,Karyopharm Therapeutics,Former Customer,Churning,,MM,,,,,flat file or unidentified method
0013000000qI0ai,R.G. Barry Corp.,Former Customer,Churning,,MM,,,,,flat file or unidentified method
0015Y00002yPksd,"Solaris Midstream Holdings, LLC",Customer,Churning,0.52,MM,,,,,flat file or unidentified method
0013000000qHwJ0,"Spok, Inc.",Customer,Low,0.81,MM,,,,TRUE,established integration method
0015Y00002tERAX,"GLOWC Chapter NYSARC, Inc.",Customer,Medium,0.09,SUB,,,,TRUE,established integration method
0011400001eefyj,Harrington Industrial Plastics LLC,Customer,Medium,0.02,SUB,,TRUE,TRUE,,established integration method
0015Y00002xFde8,College of Physiotherapists of Ontario,Customer,Churning,0.95,CAN,,,,TRUE,established integration method
0015Y00002tDOYY,WIN Waste Innovations Holdings Inc,Customer,Low,0.02,ENT,,,TRUE,,established integration method
0015Y00002tEQNn,Prime Healthcare Management Inc.,Customer,Low,0.04,ENT,,,,,flat file or unidentified method
0011400001eegiK,Urban Affairs Coalition and its subsidiaries,Customer,High,0.02,MM,,,,TRUE,established integration method
0015Y00002p7ARD,Ascensus Specialties LLC,Customer,Medium,0.02,MM,,TRUE,,,established integration method
0011O00002AO4OS,"AAA Western & Central New York, Inc.",Customer,Low,0,SUB,,TRUE,,TRUE,established integration method
0015Y00002tEQYq,Catholic Care Center,Customer,Low,0,MM,,,,TRUE,established integration method
0015Y00002Zv8O7,Southworth Development LLC,Customer,Medium,0.01,FINS,TRUE,,,,established integration method
0011O00002OLnjG,NorthLakes Community Clinic,Customer,Low,0.05,MM,,,,TRUE,established integration method
0011O0000250WhT,Clark County Water Reclamation District,Customer,Low,0.5,MM,,,TRUE,,established integration method
0011400001s4pwY,New Orleans Saints and Pelicans,Customer,Low,0.09,MM,TRUE,,,,established integration method
0015Y00004xrtm0,US Bitcoin Corp,Customer,High,0.02,SMB,,TRUE,,TRUE,established integration method
0011O00002GJEvl,Wells,Customer,Low,0.26,ENT,,,,,flat file or unidentified method
0011400001qzNOB,"American Society of Civil Engineers, The",Customer,Low,0.04,MM,,TRUE,,,established integration method
0011O000022Jsji,"United Methodist Retirement Homes, Inc.",Customer,Medium,0.91,MM,TRUE,,,,established integration method
0015Y00002Zu8By,"Karl Senner, LLC.",Customer,Medium,0.74,SMB,,,,TRUE,established integration method
0015Y00002ZwL8r,Galago Group,Customer,Low,0.19,UK,,,TRUE,,established integration method
001a000001PZtmQ,KIPP NYC,Customer,High,0.68,MM,,,,TRUE,established integration method
0011400001s5CHW,"Massachusetts Audubon Society, Inc.",Customer,Low,0.18,MM,,,TRUE,,established integration method
0011400001s4wjm,Armada,Customer,Low,0.1,MM,TRUE,,,,established integration method
0011O00002VPGDy,"UCS Holdings, Inc. d/b/a Valenz",Customer,Medium,0.03,MM,,,,TRUE,established integration method
0015Y00002tEPBl,Coastal Horizons Center,Customer,Low,0,MM,TRUE,,,,established integration method
0015Y00003Yo5Ec,Horizon Farm Credit,Customer,Medium,0.02,FINS,,,,,flat file or unidentified method
0011O00002GK9lm,Sopfeu,Customer,Low,,CAN,,,,TRUE,established integration method
0011O0000250YYF,Unite Us,Former Customer,Churning,,MM,,,,,flat file or unidentified method
0015Y00003O7tMa,IND,Customer,Low,,Intl,,,,,flat file or unidentified method
001a000001WTH6b,Think Together,Customer,Churning,0.1,MM,,,,TRUE,established integration method
0011400001pYSyT,Hamsard 2468 Limited,Customer,High,0,UK,,,,,flat file or unidentified method
001OO00000CqPtA,City of San Bruno,Customer,Low,0.08,MM,,,,,flat file or unidentified method
0015Y00002YYjnN,Masons Supply,Customer,High,0.15,MM,TRUE,,,,established integration method
0015Y00002tDOBs,"Voyager Technologies, Inc.",Customer,High,0.09,MM,,TRUE,TRUE,TRUE,established integration method
001OO000009QP7G,"Integra Testing Services, LLC",Customer,Low,0.08,MM,TRUE,,TRUE,,established integration method
0015Y00004T6IJX,Xpo Group bv,Customer,Low,,Intl,,,TRUE,,established integration method
0011O00002GJL4N,Productive Business Solutions Group Limited,Former Customer,Churning,,Intl,,,TRUE,,established integration method
0015Y00004rHvUi,"EMPARK APARCAMIENTOS Y SERVICIOS, S.A",Customer,High,,Intl,TRUE,,,,established integration method
0011400001eefsq,Trellix Inc,Former Customer,Churning,,SUB,TRUE,,,,established integration method
0011O00002Kuovz,Dr Smood Group,Former Customer,Churning,,SMB,,,,TRUE,established integration method
0013000000qI0Qd,"Nebraska Book Company, Inc.",Former Customer,Churning,,ENT,TRUE,,,,established integration method
0015Y00002yPpN6,Healthcare Chaos Management,Customer,Churning,,MM,,,,TRUE,established integration method
 0015Y00002Zv8Hx,,,,,,TRUE,,,,established integration method
0011400001s4xbA,Sanctuary Camelback Mountain,Customer,Low,,MM,,,,,flat file or unidentified method
0011O00001zxNfP,Kwik Lok Corp,Former Customer,High,,MM,,,,,flat file or unidentified method
0015Y00002ZvDKC,Bravas LLC,Customer,High,,MM,,,,,flat file or unidentified method
0015Y00002YZu1C,Three Notch'd Brewing,Former Customer,Churning,,SMB,TRUE,,,,established integration method
0011O00002GJLZ0,JumpStart Inc,Former Customer,Churning,,FINS,,,,TRUE,established integration method
0011400001s5Cin,New Sunshine LLC,Former Customer,Churning,,MM,TRUE,,,,established integration method
0013000000qHzoj,Callon Petroleum Company,Former Customer,High,,MM,,,,,flat file or unidentified method
0013000000qHxTL,"Bridgewater Associates, Inc.",Former Customer,Churning,,ENT,,,,,flat file or unidentified method
0011400001fNw0f,"X.L. Global Services, Inc.",Customer,Low,,Intl,,,,,flat file or unidentified method
0015Y00002ZuDtl,MariMed Inc,Customer,Low,,MM,,,,TRUE,established integration method
00130000014l2Nb,MCAN Financial Group,Former Customer,Churning,,CAN,,,,,flat file or unidentified method
001a000001Ru3r9,Saddle Creek Corporation,Former Customer,High,,ENT,,,,,flat file or unidentified method
0011O0000250lyTQAQ,Cool Beer Brewing Co,Customer,High,,CAN,,,,,flat file or unidentified method
001OO00000Fskrl,Stichting Stimuleringsfonds Creatieve Industrie,Customer,Low,,Intl,,,,,flat file or unidentified method
0011O000022IPjA,Polen Capital Management LLC,Customer,Medium,0,FINS,TRUE,TRUE,TRUE,,established integration method
0013000000qHuLf,Enova International Inc.,Customer,Medium,0.06,ENT,TRUE,TRUE,,,established integration method
0011400001qz8Um,Noco Inc.,Customer,Low,0.07,MM,,,TRUE,TRUE,established integration method
0011O00001xKhlt,Partners In Health,Customer,Low,0.03,ENT,TRUE,,TRUE,,established integration method
0015Y00004eChPb,What Do You Meme,Customer,Churning,1,SMB,,,,TRUE,established integration method
0011400001s4wuW,Coastal Villages Region Fund,Customer,Medium,0.09,MM,TRUE,TRUE,,,established integration method
0015Y00002ZuuVt,Kerioth Corporation,Customer,High,0.9,FINS,,TRUE,,TRUE,established integration method
0015Y00002Ybhll,Fisher German LLP,Customer,Medium,0.02,UK,,,TRUE,,established integration method
0011O00002Mj45g,Cruise Lines International Association,Customer,Low,0.54,SMB,,,,TRUE,established integration method
00130000011ZyVn,DCB Holding Ltd.,Customer,Medium,0.53,UK,TRUE,,,,established integration method
001a000001Lb77h,Caribou Coffee Company Inc,Customer,Medium,0.15,ENT,TRUE,TRUE,TRUE,,established integration method
0011400001pYRLn,SEGA Europe Limited,Customer,Low,0.06,UK,TRUE,TRUE,TRUE,,established integration method
0015Y00003YlBds,Commercial Tool Group,Customer,Low,0.22,MM,,TRUE,,,established integration method
0011400001qzB6n,"Cannon Design, Inc.",Customer,High,0.49,MM,,,TRUE,,established integration method
0011O00002UUknL,PRT Growing Services Ltd,Customer,Low,0,SUB,,,,,flat file or unidentified method
001OO00000MYjjf,"USA Water Intermediate Holdings, LLC",Customer,Low,0,SMB,,,,TRUE,established integration method
001a000001H0sW8,Douglas Dynamics LLC,Customer,Medium,0.29,ENT,TRUE,,,,established integration method
0011O00002PtHRv,KV Private Equity Inc,Former Customer,Churning,,CAN,TRUE,,,,established integration method
0011O000024yn6A,University of St. Augustine for Health Sciences,Former Customer,Churning,,MM,,,,TRUE,established integration method
0013000000qI0bb,Bayshore HealthCare Ltd.,Customer,Medium,0,CAN,TRUE,,TRUE,,established integration method
001OO00000D3rGS,Arctic Distribution,Customer,Low,0.06,SMB,,,,TRUE,established integration method
0015Y0000539ppD,"Hudson Link for Higher Education in Prison, Inc.",Customer,Medium,0.1,SMB,,,,TRUE,established integration method
001OO00000SCSYS,Evoque Group,Customer,High,0,SMB,,,,TRUE,established integration method
0011O00002SrPTH,Crescita Skin Sciences Inc.,Former Customer,Churning,,CAN,TRUE,,,,established integration method
001OO000002DIE7,IndiMade Brands,Customer,Medium,,SMB,,,,TRUE,established integration method
0011O00002GJBKrQAP,Capital Dynamics,Customer,Low,,Intl,,,TRUE,,established integration method
0011400001dPC5N,Federated Hermes Limited,Former Customer,High,,UK,,,,,flat file or unidentified method
0011400001eegbd,St. Ann's Community,Customer,Low,,MM,TRUE,,,,established integration method
0011400001hFDM6,United Record Pressing,Customer,Low,,MM,,,,,flat file or unidentified method
001OO00000Ento9,Condimentum,Customer,Low,,UK,,TRUE,,,established integration method
0011400001joJlm,Lakeshore Recycling Systems,Former Customer,Churning,,MM,,TRUE,,,established integration method
0011O00002OLq3BQAT,Wold Architects and Engineers,Customer,Low,,MM,,,,TRUE,established integration method
0015Y000049kxrq,David Roberts & Partners,Former Customer,Churning,,UK,,,,,flat file or unidentified method
0011O00002SYy1W,Extensiv,Former Customer,Churning,,SMB,,,,TRUE,established integration method
0011O00002FEo66,Iconex,Former Customer,Churning,,MM,,,,,flat file or unidentified method
0011O00001xRrqF,Symplicity Corporation,Former Customer,Churning,,MM,,,,,flat file or unidentified method
0015Y00002lx82Z,Lumu Technologies,Former Customer,Churning,,SMB,,,,,flat file or unidentified method
0011O00001ylRjh,Pacific Catch,Former Customer,Churning,,MM,,,,,flat file or unidentified method
0015Y00004zhAyuQAE,Matrix Adhesives Group,Customer,Low,,SMB,,,,,flat file or unidentified method
0015Y00003O7t5S,DEME Dredging NV,Customer,Low,,Intl,,,TRUE,,established integration method
0015Y00002Zv910,"Forum Real Estate Group, LLC by Forum Management Inc, its manager",Customer,Low,,FINS,,,,,flat file or unidentified method
0011400001s4xWD,Alacrity Solutions (Property Damage Appraisers Inc),Former Customer,Churning,,SMB,TRUE,,,,established integration method
0015Y00004T5UdL,Gowan Seed Company,Former Customer,Churning,,SMB,,TRUE,,,established integration method
0015Y00002ZuFfx,Sagis PLLC,Customer,Low,,MM,,,,TRUE,established integration method
0015Y00003LYfxxQAD,CertainPath,Customer,Low,,SMB,,,TRUE,TRUE,established integration method
0011O00001xL11D,Acctiva Ltd.,Partner,,,UK,,,TRUE,,established integration method
0011400001efdOc,Intelligent Processing Solutions Limited,Customer,Low,,UK,,,,,flat file or unidentified method
0011400001oW68C,Dossche Mills B.V.,Customer,High,0.21,Intl,,,,,flat file or unidentified method
0015Y0000300Njc,Exro Technologies,Customer,High,0.92,CAN,,,,TRUE,established integration method
0013000000qHzO5,Taiga Building Products Ltd.,Customer,High,0.09,CAN,TRUE,,TRUE,,established integration method
0011O00002MigNE,Vaniam Group LLC,Customer,Low,0.06,MM,,,TRUE,TRUE,established integration method
001a000001RsdFf,Saint Mary's University,Customer,Low,0.01,CAN,TRUE,,,,established integration method
0015Y00002eGDkO,Enovert Management Limited,Customer,Medium,0.03,UK,,TRUE,TRUE,,established integration method
0011O00001xSiWP,TEEMA Group,Customer,High,0.19,CAN,TRUE,,,,established integration method
0011400001qz9mg,Pitco Foods,Customer,Low,0.22,MM,TRUE,,,,established integration method
0011400001s5CoU,Ocean Reef Club Inc,Customer,Low,0.06,MM,TRUE,,,,established integration method
0015Y000039L4xS,"National Registry of Emergency Medical Technicians, Inc",Customer,Low,0.35,SMB,,,,,flat file or unidentified method
0011O00002KuUYT,Treace Medical Concepts Inc.,Customer,Medium,0.22,MM,,,,TRUE,established integration method
0011O000022JkWD,Wag Hotels,Customer,Medium,0.24,MM,,,,TRUE,established integration method
0011400001qz6Vj,"Anda, Inc.",Customer,Low,0.12,MM,,,,,flat file or unidentified method
0011O00002A7TVI,"Immunome, Inc",Customer,High,0.32,MM,,,,TRUE,established integration method
0011400001qzGCG,"Sentinel Technologies, Inc.",Customer,Low,0,MM,,,,TRUE,established integration method
0015Y00002YbD2n,"ReCode Therapeutics, Inc.",Customer,Churning,1,MM,,,,TRUE,established integration method
0011O00002D3JwX,Innovative Product Achievements,Customer,Low,0,SUB,,,,TRUE,established integration method
0015Y00002p7AKU,DNP Imagingcmm America Corporation,Customer,Low,0.01,SMB,TRUE,,,,established integration method
0011400001fMmUl,ODOM Corporation,Customer,Medium,0,ENT,TRUE,,,,established integration method
0011400001qzMpE,Clarity Software Solutions Inc,Customer,Medium,0.07,MM,,,,TRUE,established integration method
0011400001lFz2O,"Education Development Center, Inc.",Customer,High,0.01,ENT,TRUE,TRUE,,,established integration method
0011400001oWLUR,"Professional Project Services, INC.",Customer,Low,0.48,MM,,,,,flat file or unidentified method
0011400001dNA9r,"Redpath Mining, Inc.",Customer,High,0.05,CAN,TRUE,,,,established integration method
001a000001JcOwo,Fruit Growers Supply Company,Customer,Medium,0,SUB,,TRUE,,,established integration method
0011O00002AlG31,C. C. Young,Customer,High,0,SMB,TRUE,TRUE,TRUE,,established integration method
0011O00002EsLQH,"Project Management Advisors, Inc.",Customer,Low,0,FINS,TRUE,,,,established integration method
001a000001NAZKv,MAU Workforce Solutions,Customer,Low,0.02,MM,TRUE,,,,established integration method
0011400001qz9wS,Neighborhood Reinvestment Corp.,Customer,Low,0.08,MM,,,,TRUE,established integration method
001OO000007YJCI,Spar Re Services LLC,Customer,Low,0.19,FINS,,,TRUE,TRUE,established integration method
001a000001XRwBe,Article Student Living LLC,Customer,Low,0.04,FINS,,,,,flat file or unidentified method
0011400001lHBlh,SA Hospitality Group,Customer,Medium,0.06,MM,,TRUE,,,established integration method
001a000001UxnX2,Lucky Eagle Casino,Former Customer,High,,MM,TRUE,,,,established integration method
0011O000022Gyxb,Shelton-Cook Real Estate Services,Former Customer,Churning,,FINS,,,,,flat file or unidentified method
0011O00002Hsojh,PerformLine,Former Customer,Churning,,SMB,,,,TRUE,established integration method
0011O00002XgUbu,Galiano Gold,Former Customer,Churning,,CAN,,,,,flat file or unidentified method
0011400001s4x08,Dovel Technologies,Former Customer,Churning,,MM,,TRUE,,,established integration method
0011400001qzMAaAAM,Minnesota Twins,Customer,Medium,,MM,,,,,flat file or unidentified method
0011O00002GJM1OQAX,Thrasher Family Holdings,Customer,Low,,MM,TRUE,,,TRUE,established integration method
001a000001QfBt1,"Waukesha-Pearce Industries, LLC",Customer,Low,,ENT,TRUE,,,,established integration method
0015Y00004OCWbq,Redeux Energy Partners LLC,Former Customer,Churning,,SMB,,,,TRUE,established integration method
0015Y00002xGDkCQAW,Hunt Military Communities,Customer,Low,,SUB,,,,,flat file or unidentified method
0011400001lGlGU,MC Assembly,Former Customer,Churning,,MM,,,,,flat file or unidentified method
001OO00000FHSDtYAP,Pace Group Holdings,Customer,Low,,UK,,,,,flat file or unidentified method
0011O0000241ydb,Cosmetic Solutions,Former Customer,Churning,,SMB,,,,,flat file or unidentified method
0011O00001zwYHsQAM,Afiniti,Customer,Low,,ENT,,,,,flat file or unidentified method
0011O00002VNA62,Studio 1+1 (1plus1),Former Customer,Churning,,Intl,,,,,flat file or unidentified method
0015Y00002cjxTc,CISO Global,Former Customer,Churning,,MM,,,,,flat file or unidentified method
0011O000021LO0d,Banner Industries Inc,Former Customer,Churning,,SMB,,,,,flat file or unidentified method
0011400001aCNfO,"Lifeline Scientific, Inc.",Former Customer,Churning,,SMB,TRUE,,,,established integration method
0011O000024yyhC,Axispoint Technology Solutions Group Inc. (ATSG),Former Customer,High,,MM,,,,,flat file or unidentified method
0015Y00002lxK8x,Loft Orbital,Former Customer,Churning,,SMB,,,,,flat file or unidentified method
0011O000022HwsA,Children's Tumor Foundation,Former Customer,Churning,,SMB,TRUE,,,,established integration method
0011O00001zwYLZ,Belmont Instrument LLC,Former Customer,Churning,,MM,,,,TRUE,established integration method
0015Y00002yRBwS,The Cardus Institute,Customer,Low,0.52,CAN,,,,TRUE,established integration method
0011O00002AO3MP,The Scion Group,Customer,Medium,0,ENT,TRUE,,,,established integration method
0011O00001ymKjZ,Office of the Commissioner of Baseball d/b/a Major League Baseball,Customer,High,0.66,ENT,TRUE,,,,established integration method
0011O000027BqL9,Mitsubishi Chemical America: Methacrylates,Customer,Medium,0.01,UK,,,TRUE,,established integration method
0011400001pYOiV,William Jackson Food Group,Customer,Low,0.02,UK,,TRUE,,,established integration method
0015Y000056gNr5,Legacy Service Partners,Customer,Medium,0,SMB,,TRUE,,TRUE,established integration method
0011O00002JTk6E,CPCS,Customer,Medium,0.08,CAN,,,TRUE,,established integration method
0011O000021L1bW,"Stem, Inc.",Customer,Low,0,MM,,,,TRUE,established integration method
0011O00001xRrgF,Symbiotics Group SA,Customer,Low,0.06,Intl,TRUE,,TRUE,TRUE,established integration method
001OO00000KhzPt,Brickyard Hollow,Customer,High,0,SMB,,,TRUE,TRUE,established integration method
0011400001qzKNe,M&M Food Market,Customer,Medium,0.07,SUB,TRUE,,,TRUE,established integration method
0011400001a9Sea,Academy of Art University,Customer,High,0.11,MM,,,TRUE,,established integration method
0011O00002OMvQA,"CFG Health Systems, LLC",Customer,Low,0.04,MM,,,,TRUE,established integration method
001OO00000SPfs2,Capital T Inc,Customer,Low,0.14,SMB,,,,TRUE,established integration method
0011O00002VP4ft,Gold Leaf Farming,Former Customer,Medium,,SMB,,,,TRUE,established integration method
0015Y00006FG1CqQAL,Rondo Energy,Customer,Low,,MM,,,,,flat file or unidentified method
0015Y00002ZuuWb,Seaward Electronic Limited (UK),Former Customer,Medium,,UK,,,,,flat file or unidentified method
0015Y00002tEQq2,Martinez Steel,Former Customer,Churning,,MM,TRUE,,,,established integration method
0015Y00002ZuVZY,Virtuozzo International GmbH,Former Customer,High,,Intl,,,,,flat file or unidentified method
0011O00002BkN8c,"Biocept, Inc.",Former Customer,Churning,,MM,,,,,flat file or unidentified method
0011400001qzE4s,1st Financial Bank USA,Former Customer,Churning,,FINS,TRUE,,,,established integration method
0011O00002G25VV,Second Closet,Former Customer,Churning,,CAN,,,,,flat file or unidentified method
0011400001qzDfE,Munich Life Management Corp. Ltd.,Former Customer,Churning,,Intl,,,,,flat file or unidentified method
0015Y00002tEQNv,South Hills Interfaith Movement,Former Customer,Churning,,MM,,,,,flat file or unidentified method
0015Y00002YbMKx,Hyundai Capital Canada Inc.,Former Customer,Churning,,CAN,,,,,flat file or unidentified method
0015Y00002m0H7j,Yorkshire Valley Farms Ltd.,Customer,Low,,CAN,TRUE,,,,established integration method
001a000001PZhbxAAD,Tatitlek Corporation,Customer,Low,,MM,,,,,flat file or unidentified method
0015Y00002jysC7,Marleon Capital,Former Customer,Churning,,SMB,,,,,flat file or unidentified method
0011O00002GYtBm,Snyk,Former Customer,Churning,,MM,,,,,flat file or unidentified method
0011O00002AleLDQAZ,Staycity Group,Customer,Low,,UK,,,,TRUE,established integration method
0011O000022JOuX,"Gusmer Enterprises, Inc",Former Customer,Churning,,MM,,,,,flat file or unidentified method
0011400001rLPAq,W2O Group,Former Customer,Churning,,MM,,,,,flat file or unidentified method
0011400001pYPY8,JT (Jersey) Limited,Former Customer,Churning,,UK,TRUE,,,,established integration method
0013000000qHvUr,"Illumina, Inc.",Former Customer,Churning,,ENT,TRUE,,,,established integration method
0015Y00002uMhRm,BigChange,Former Customer,High,,UK,,,,,flat file or unidentified method
0011400001qzN1i,Galvion,Customer,Low,,MM,,,,,flat file or unidentified method
001OO00000FHwqD,Substantial Group Limited,Customer,Medium,,UK,,,,TRUE,established integration method
001a000001TMbl5,ARC Broward,Former Customer,Churning,,MM,,,,,flat file or unidentified method
001OO00000aawn8YAA,Hammer Intermediate Co LLC dba Pick Your Part,Customer,Low,,SMB,,,,TRUE,established integration method
0015Y00002ZvzEd,Oxygen,Former Customer,Churning,,SMB,,,,,flat file or unidentified method
0011O000021L9UwQAK,"Stream Realty-Personnel Services, LLC",Customer,Low,,FINS,,,,,flat file or unidentified method
0011400001qzGoV,GTS Technology Solutions,Customer,Churning,0.87,MM,,,,,flat file or unidentified method
0013000000qHvMZ,Jackson Lewis P.C.,Customer,Medium,0.22,ENT,TRUE,,,,established integration method
001OO00000BPWMX,Integrity National Corporation,Customer,High,0.01,SMB,,,,,flat file or unidentified method
0011400001jpGQz,Medix Staffing Solutions Inc.,Customer,Low,0.05,ENT,,,,TRUE,established integration method
0011400001s4wil,Angels of Care Pediatric Home Health,Customer,Low,0.42,ENT,,TRUE,,TRUE,established integration method
001a000001NAZLQ,Old Second National Bank,Customer,Low,0.06,FINS,,,,,flat file or unidentified method
0011O00002Mj5gT,Power Digital Marketing,Customer,Medium,0.08,MM,,TRUE,TRUE,TRUE,established integration method
0015Y000033QMlq,United Flow Technologies,Customer,Low,0,SMB,TRUE,TRUE,TRUE,TRUE,established integration method
0015Y00002zylQQ,Peak NA US Inc.,Customer,Churning,0.96,CAN,,,TRUE,,established integration method
0011O000024zFgx,Momentum Platform Services,Customer,Medium,0.03,SUB,,TRUE,TRUE,TRUE,established integration method
0011400001pYOav,Fuller Smith & Turner PLC,Customer,Low,0.16,UK,TRUE,,,,established integration method
0011O00002VNZ5C,Woven Health Collective,Customer,Low,0.35,MM,,,,TRUE,established integration method
0015Y000033SsnI,"Quartile, LLC",Customer,Low,0.01,MM,,,,TRUE,established integration method
0011400001qz7x7,Premier Tech Ltd.,Customer,Medium,0.02,CAN,,,,,flat file or unidentified method
0011400001s3NWT,Aspira of PA,Former Customer,Churning,,MM,,,,,flat file or unidentified method
0011O00001zwYLc,StateServ Medical,Former Customer,High,,MM,,,,,flat file or unidentified method
0015Y00003qYHiF,PlantPlus Foods,Customer,Churning,,SMB,,,,,flat file or unidentified method
0015Y00002tETwo,CoolIT Systems,Former Customer,Churning,,CAN,,,,TRUE,established integration method
0015Y00002ZuJgJ,Artec Europe Sarl,Customer,High,,Intl,,,,,flat file or unidentified method
0011400001ckgdW,Milestone Technologies Inc,Customer,Churning,,ENT,,TRUE,TRUE,TRUE,established integration method
0015Y00003YlAaBQAV,Denys NV,Customer,Low,,Intl,,,TRUE,,established integration method
0011400001s5Btx,"Accolade, Inc.",Former Customer,Churning,,ENT,,,,,flat file or unidentified method
0011O00002GYYUy,"Strategic Administrative & Reimbursement Services, LLC",Former Customer,Churning,,MM,TRUE,,,,established integration method
001OO00000HRZRM,Arini,Customer,Low,,UK,,,,,flat file or unidentified method
0011O00002FZDd5,Ease,Former Customer,Churning,,SMB,,,,,flat file or unidentified method
0011O000021K5zV,New Western,Former Customer,Churning,,FINS,,,,,flat file or unidentified method
0015Y00003QO6Ku,Sharp Oilfield Services,Customer,Churning,,SMB,,,,TRUE,established integration method
0011O00002OMtLM,Superfly Productions LLC,Former Customer,Churning,,MM,,,,,flat file or unidentified method
0011O0000241tgR,Phononic,Former Customer,High,,MM,,,TRUE,,established integration method
0015Y00006FF7Sl,METRO Cash & Carry Romania SRL,Former Customer,Churning,,Intl,,,,,flat file or unidentified method
001OO00000aENLDYA4,Justice System Partners,Customer,Low,,SMB,,,,,flat file or unidentified method
0011O00002GJGGg,Mancini's Sleepworld,Former Customer,High,,MM,TRUE,,,,established integration method
0011400001ikK1G,"Tax Ease Company, LLC",Former Customer,Churning,,SMB,,,,,flat file or unidentified method
0011400001qzLPN,California Hydronics Corporation,Former Customer,Churning,,SMB,TRUE,,,TRUE,established integration method
0011O00002FZsiQ,Blockchains,Former Customer,Churning,,SMB,,,,,flat file or unidentified method
0015Y00002yPhNGQA0,Nutraceutical Corporation dba Better Being Co.,Customer,Low,,MM,,,,,flat file or unidentified method
001OO00000ehspJYAQ,Rocket Youth,Customer,Low,,SMB,,,,TRUE,established integration method
0015Y00002vbAps,POP Yachts,Former Customer,Churning,,SMB,,,TRUE,TRUE,established integration method
0011O000022ILG2,Regulatory DataCorp,Former Customer,Churning,,SUB,,,,,flat file or unidentified method
0011O000024zpyq,Signals Analytics,Former Customer,,,SMB,,,,,flat file or unidentified method
0011O00002FFk5t,"Sirius Global Services, LLC",Former Customer,Churning,,FINS,,,,,flat file or unidentified method
0011400001lGS5l,"Sequoia Capital Operations, LLC",Former Customer,Churning,,FINS,,,TRUE,TRUE,established integration method
001OO00000ER70Z,Fluency,Customer,Low,,SMB,,,,TRUE,established integration method
0015Y00004T6HUkQAN,Fincore,Customer,High,,UK,,,,TRUE,established integration method
0011O00002VNWvk,Spectrum Vision Partners,Customer,Low,0,MM,TRUE,,,TRUE,established integration method
001a000001NAZLT,"Berger Transfer & Storage, Inc.",Customer,Low,0.83,MM,TRUE,,,,established integration method
0011400001s54o6,"Axonify, Inc.",Customer,Low,0.18,CAN,TRUE,,,TRUE,established integration method
0011O00001ylbD5,Jason Windows Pty Ltd,Customer,Low,0.11,Intl,,,TRUE,,established integration method
0015Y00002rnOnK,Native Microbials,Customer,Churning,1,SMB,,,,,flat file or unidentified method
001a000001UxTrs,Rakuten Kobo Inc.,Customer,Low,0.08,CAN,TRUE,,TRUE,,established integration method
0011400001s5BTZ,University Bank,Customer,Low,0.01,FINS,TRUE,,,,established integration method
0015Y00002zzoZz,USA Wrestling,Customer,Medium,0.1,SMB,,,,TRUE,established integration method
0011O00002HiLT7,Site Resource Group Limited Partnership,Customer,Churning,0.95,CAN,,,TRUE,,established integration method
0011400001fLpsy,"Kroenke Sports & Entertainment, LLC",Customer,Low,0,MM,,TRUE,,,established integration method
0011O00002D1qur,"Lifespire of Virginia, LLC",Customer,Medium,0.29,MM,TRUE,,,,established integration method
001OO000003sJFH,US Ignite Inc.,Customer,High,0.24,SMB,,,,TRUE,established integration method
0011O00002GZhr9,PAM Transportation,Customer,Low,0.18,ENT,TRUE,,,,established integration method
0011400001qzPJm,Active Exhaust Corp.,Customer,Low,0.58,CAN,TRUE,,,,established integration method
0015Y00002Zv1EK,Aro Homes,Customer,Churning,0.95,SMB,,,,TRUE,established integration method
0011400001jpxb2,Norton Rose Fulbright South Africa,Customer,High,0.43,UK,TRUE,,,,established integration method
001a000001Uxmxl,Gaming Laboratories International LLC,Customer,Low,0.02,MM,TRUE,,,,established integration method
0015Y00003Yl3Yu,KRP Properties,Customer,High,0.02,CAN,TRUE,,,,established integration method
0011O00001ynaOX,"The Los Angeles Rams, LLC",Customer,Low,0.12,MM,TRUE,TRUE,,,established integration method
0011400001qzN1w,Royal Roads University,Customer,Low,0.01,CAN,TRUE,,TRUE,,established integration method
0011O00002DOCTO,"Inhibrx Biosciences, Inc.",Customer,Low,0.42,MM,,,,TRUE,established integration method
0011O00002LTwMX,Videohouse nv,Customer,Low,0.43,Intl,,,,,flat file or unidentified method
0011400001s5By3,AFX INC,Customer,Low,0.03,MM,TRUE,,,,established integration method
0011400001lGRvA,"Vista Equity Partners Management, LLC",Customer,Churning,0.63,ENT,,,,TRUE,established integration method
0011O00002VOInrQAH,Beyond Energy Services and Technology,Customer,Low,,CAN,,,,TRUE,established integration method
0011400001ZX4SW,New Brunswick Community College,Former Customer,Churning,,CAN,,,,,flat file or unidentified method
0015Y00005J7ZNj,"SUMMIT WASH HOLDINGS, L.L.C.",Customer,Churning,,MM,,,,TRUE,established integration method
0011O00002IvNgV,Dama Financial,Former Customer,Churning,,FINS,TRUE,,TRUE,TRUE,established integration method
0011O00002GJMnZQAX,Arca Opening Doors,Customer,Low,,MM,,,,,flat file or unidentified method
0015Y00004T7Y9I,"MARINA BARCELONA 92, S.A",Customer,Low,,Intl,,,,,flat file or unidentified method
0011400001vbg1W,MHC Healthcare,Former Customer,Churning,,MM,TRUE,,,,established integration method
0011O00002G3YPs,Advanced Dermatology and Cosmetic Surgery,Former Customer,Churning,,MM,TRUE,TRUE,,,established integration method
0011400001qzGCx,Service Experts LLC,Former Customer,Churning,,ENT,TRUE,,,,established integration method
001OO000004IG47YAG,"Litmus Music Management Co., LLC",Customer,High,,SMB,,,,,flat file or unidentified method
001a000001PZugL,Southwest Credit Systems,Former Customer,Churning,,MM,,,,,flat file or unidentified method
0011O00002HsJmr,ArcherPoint,Partner,Churning,,SMB,,,,,flat file or unidentified method
0011O0000250uAv,Fort McMurray Airport Authority,Former Customer,Churning,,CAN,,,,TRUE,established integration method
0015Y00002wbrln,Renalytix PLC,Former Customer,High,,UK,,,,TRUE,established integration method
0011400001rL4k2,Luna Innovations Incorporated,Former Customer,Churning,,MM,,,,,flat file or unidentified method
0011400001qzFWl,"Hammel, Green AND Abrahamson, Inc.",Former Customer,Churning,,MM,,,,,flat file or unidentified method
0011O00002VNdVJQA1,H&MV,Customer,Low,,UK,,,,,flat file or unidentified method
0011O00002GK8KN,Sagamok Anishnawbek,Former Customer,Churning,,CAN,,,,,flat file or unidentified method
0011400001s5ESQ,Imperial Supplies LLC,Former Customer,Churning,,SUB,,,,,flat file or unidentified method
0011400001qzEOx,"Siemens Government Technologies, Inc.",Former Customer,Churning,,MM,TRUE,,,,established integration method
0011O00002AmhwK,CathWorks,Former Customer,Churning,,Intl,,,,TRUE,established integration method
0011400001e30t1,"Galls, LLC",Former Customer,Churning,,SUB,,,,,flat file or unidentified method
0013000000qHvEj,"Harvey Parent Corporation, d/b/a Harvey Building Products",Customer,High,0.14,ENT,TRUE,,,,established integration method
0011400001aqvpD,IPF International Limited,Customer,Low,0.61,UK,,,,,flat file or unidentified method
0011O00002Bql7u,John Henry Group,Customer,Low,0.11,UK,TRUE,,,,established integration method
0015Y00003zfZ2j,Upshop LLC,Customer,Low,0.04,MM,,,,TRUE,established integration method
0015Y00003Dhwob,"East West Tea Company, LLC",Customer,Low,0,SUB,TRUE,,,,established integration method
001a000001Ru3ig,Buccaneers Team LLC,Customer,Low,0.03,MM,TRUE,,,TRUE,established integration method
001OO000003Lbfa,Dawson Co-Operative Union,Customer,High,0.63,CAN,,,,,flat file or unidentified method
0013000000qHxBg,CAA Club Group,Customer,High,0.01,CAN,TRUE,,,,established integration method
0015Y0000539BH7,"Quanta Therapeutics, Inc.",Customer,Medium,0.25,SMB,,,,TRUE,established integration method
0011O000022Jx4A,Kopin Corporation,Customer,Medium,0.42,MM,,TRUE,,,established integration method
0011O0000251hwz,BenchSci,Customer,Low,0,CAN,,,TRUE,TRUE,established integration method
0011O00002OLq4g,Lead Bank,Customer,Low,0,FINS,,,,,flat file or unidentified method
001a000001Uxork,Pinnacle Living,Customer,Low,0.31,MM,TRUE,,,TRUE,established integration method
001a000001KIZ6t,Lockton Management LLC,Customer,Medium,0.03,SUB,,TRUE,TRUE,,established integration method
0011400001pYSp7,Stagecoach Services Limited,Customer,Low,0.04,UK,,,TRUE,,established integration method
0011O00002VNXHw,Emixa Enterprise Services B.V.,Customer,Low,0.01,Intl,TRUE,,TRUE,,established integration method
0011400001qz9j3,"Priority WIRE & Cable, Inc.",Customer,Low,0.33,MM,TRUE,,TRUE,,established integration method
0011400001pYQXz,Genting Management Services Limited,Customer,Medium,0.98,UK,,,,,flat file or unidentified method
0011O0000251IXm,"LBJ Infrastructure Group LLC, NTE  Mobility Partners LLC, and NTE Mobility Partners Segments 3 LLC",Customer,Medium,0.09,SMB,,TRUE,,,established integration method
0015Y00002Zv7Al,Senior Services of America,Customer,Low,0.14,MM,,,,,flat file or unidentified method
0011400001s4xV0,"Pointsmith Point-of-Purchase Management Services, LLC",Customer,Churning,0.92,MM,TRUE,,,,established integration method
0011400001llI83,DRB Systems,Customer,Medium,0.52,SUB,TRUE,,,TRUE,established integration method
0015Y00002rmhFq,Milton’s Fine Foods Inc.,Customer,Low,0.08,SMB,,,,TRUE,established integration method
0011O00002420I5,DaySmart,Customer,Low,0.01,MM,,,,TRUE,established integration method
0011O0000251Fmf,AppViewX,Customer,Medium,0,MM,,,,TRUE,established integration method
001a000001VkS7G,"Hoffmaster Group, Inc.",Customer,Medium,0.01,SUB,TRUE,TRUE,,,established integration method
0011400001qzLbU,Nicolet National Bank,Customer,Low,0.17,FINS,,,,,flat file or unidentified method
0011O00002OLr78,EDCO Health Information Solutions Inc. d/b/a Solarity,Customer,Low,0,MM,,,,,flat file or unidentified method
0011O00002GJKeg,Samuels & Associates Management LLC,Customer,Low,0.02,FINS,,,TRUE,,established integration method
0011O000022KI3g,Cascade Orthopedic Supply Inc,Customer,Low,0.41,SMB,,,,,flat file or unidentified method
0011O00001ykhJJ,Medsphere Systems,Former Customer,Churning,,MM,,,,,flat file or unidentified method
0015Y0000538u7g,Family Health La Clinica,Customer,Medium,0.92,SMB,,,,TRUE,established integration method
0011400001s5CoG,OANDA Corporation,Customer,Low,0,FINS,,,,,flat file or unidentified method
0015Y00002Zug7c,GreenCourt Legal Technologies LLC,Customer,High,0.69,SMB,,,,TRUE,established integration method
001a000001Ru3Ww,"Buckman Laboratories lnternational, Inc.",Customer,Medium,0.51,ENT,TRUE,,,,established integration method
0011400001qz6D7,"CDW, LLC",Former Customer,High,,SUB,TRUE,,,TRUE,established integration method
0015Y00002lL3qY,GreenWEEE International S.A.,Customer,Medium,,Intl,,,,,flat file or unidentified method
0011400001lGRZ9,"Kampgrounds of America, Inc.",Former Customer,Churning,,ENT,,,,,flat file or unidentified method
0011O00002Ix8hf,The Door,Former Customer,Churning,,SUB,,,TRUE,,established integration method
0015Y00002oCZNE,Centurion 2 Ltd,Former Customer,Churning,,UK,,,,,flat file or unidentified method
0011400001s5BdR,Woodgrain Millwork,Former Customer,Churning,,ENT,TRUE,,,,established integration method
001a000001WTwvl,Canadian Primedia Sales & Marketing Inc,Former Customer,,,CAN,,,,,flat file or unidentified method
0011O000029D6tP,Chiat Day LA,Former Customer,High,,SUB,,,,,flat file or unidentified method
0013000000qHvuS,Heitman,Former Customer,Churning,,SUB,,,,,flat file or unidentified method
0011O00002MGJ80,Studio Science,Former Customer,Churning,,SMB,,,,,flat file or unidentified method
0011400001pYRY4,CAE Technology Services Ltd.,Former Customer,Churning,,UK,,,,,flat file or unidentified method
001a000001PbRf7,Kinectrics Holdings Inc.,Former Customer,Churning,,CAN,,,,,flat file or unidentified method
001OO00000UI8Yv,Bellwether,Customer,Low,,SMB,,,,TRUE,established integration method
0013000000qHxrG,Toromont Industries Ltd.,Former Customer,Churning,,CAN,,,,,flat file or unidentified method
0011O00002VPh3Z,Zip World,Former Customer,Churning,,UK,,,,,flat file or unidentified method
0011O000024zI9U,Campus Life & Style,Former Customer,Churning,,SUB,,,,,flat file or unidentified method
0011O000024z4cX,SpyCloud,Former Customer,Churning,,SMB,,,,TRUE,established integration method
0015Y00002wNGI2,Digital Currency Group,Customer,Low,0.75,FINS,,,,TRUE,established integration method
0015Y00002yPewX,Cérélia,Customer,High,0.6,CAN,,,TRUE,,established integration method
001a000001RsTdP,Sagen MI Canada Inc.,Customer,Low,0.03,CAN,TRUE,,TRUE,,established integration method
0011O00002CeBd3,Windsor-Detroit Bridge Authority,Customer,Low,0.46,CAN,TRUE,,,,established integration method
0011400001qzHZV,"Waterton Residential, LLC",Customer,Low,0.01,ENT,TRUE,,TRUE,,established integration method
0011400001s5DJP,Rainbow Treecare,Customer,Low,0.03,MM,TRUE,,,,established integration method
0011O00002LmCBj,Strack Inc.,Customer,Medium,0.01,MM,,,TRUE,,established integration method
001a000001NBGu7,First Majestic Silver Corp.,Customer,Medium,0.02,CAN,TRUE,,,,established integration method
0011O0000241yz2,Oakwood Homes LLC,Customer,Low,0.02,MM,TRUE,TRUE,TRUE,,established integration method
0015Y00003Di1w2,Marquette Management,Customer,Medium,0.03,SUB,TRUE,,,,established integration method
0011O00002VPyUZQA1,Arthroscopy Association of North America,Customer,Low,0.02,SMB,,,,TRUE,established integration method
0011400001e30q8,"Gables Residential Services, Inc.",Customer,Low,0,SUB,TRUE,TRUE,,,established integration method
0011400001qz868,Hydril USA Distribution LLC,Customer,Low,0.02,Intl,,,,,flat file or unidentified method
0015Y00002c2MTU,"RateGravity, Inc. dba OwnUp",Customer,Low,0.37,FINS,,,TRUE,,established integration method
0011400001qzAqA,Martinrea,Customer,High,0.26,CAN,,,,,flat file or unidentified method
0015Y00002yPtD6,"AMB Group, LLC",Customer,Low,0,SUB,TRUE,,,,established integration method
0011400001qz93p,"NOW Health Group, Inc.",Customer,Low,0.16,MM,,,TRUE,,established integration method
0015Y00003Yl0uk,"Lash Op Co, LLC d/b/a Performance Beauty Group",Customer,Medium,0.24,SMB,,,,TRUE,established integration method
0011400001qzPVb,Whissell Contracting Ltd.,Customer,Low,0.07,CAN,,,,,flat file or unidentified method
0011O00002JlJCO,DaBella,Customer,Medium,0.09,SMB,,,TRUE,TRUE,established integration method
0011400001wd7oj,Funko,Customer,Medium,0.06,MM,,TRUE,TRUE,,established integration method
0011O0000250OBW,CLASP,Customer,Low,0.01,SMB,TRUE,TRUE,,TRUE,established integration method
0011400001huo7K,"Keysight Technologies, Inc.",Customer,Medium,0.09,ENT,,,TRUE,,established integration method
0015Y00002ZuFsP,Walk-On's Bistreaux & Bar,Customer,High,0.24,MM,,,,TRUE,established integration method
001a000001VkS4u,"DOT Foods, Inc. and its subsidiaries",Customer,Low,0.01,ENT,TRUE,TRUE,,,established integration method
0011400001e30oe,"Timmons Group, Inc.",Former Customer,High,,MM,,,,,flat file or unidentified method
0011400001qz9ML,Penn Engineering & Manufacturing Corp.,Former Customer,High,,ENT,,,,,flat file or unidentified method
0011400001pYO4J,WSP Global Inc.,Customer,High,0.09,CAN,TRUE,,,,established integration method
001a000001IMIN3,"AES Big Sky, LLC",Customer,Low,0.07,SUB,,,,,flat file or unidentified method
0011O00002EtGeO,Thomas International UK Limited,Customer,Low,0.03,UK,,TRUE,,TRUE,established integration method
0011O00002GJ4gQ,World Education Services,Customer,Low,0.02,CAN,,,,TRUE,established integration method
0011O00002AKQ2g,"Standlee Premium Products, LLC",Customer,Low,0.04,MM,TRUE,TRUE,TRUE,TRUE,established integration method
0011400001efXhI,Bounty Management Services (PTY) Ltd,Customer,High,0.13,Intl,,,,,flat file or unidentified method
0011400001s6fNC,Irvin & Johnson Ltd,Former Customer,Churning,,Intl,,,,,flat file or unidentified method
0011400001ckggR,Redfin Corporation,Customer,Churning,0.76,ENT,TRUE,,,TRUE,established integration method
0011O000022KHRLQA4,"Plunkett Raysich Architects, LLP",Customer,Low,,SMB,TRUE,,,,established integration method
0011400001r0MsI,"Digital Turbine. Inc., on behalf of itself and its subsidiaries",Former Customer,Churning,,MM,,,,,flat file or unidentified method
0015Y00004nt3sn,VetnCare MSO LLC dba VetnCare,Customer,Low,,SMB,,,,TRUE,established integration method
0015Y00002ly4tf,Cambio Communities,Former Customer,Churning,,FINS,,,,TRUE,established integration method
0011O00002OLsTm,NMI,Former Customer,Churning,,MM,,,,TRUE,established integration method
001OO00000CtBs0,Web Hosting Canada,Former Customer,High,,CAN,,,,TRUE,established integration method
0011400001qzDuG,Sierra Metals Inc.,Former Customer,Churning,,CAN,,,,,flat file or unidentified method
0015Y00002iTUcF,University of Ottawa,Former Customer,High,,CAN,,,,,flat file or unidentified method
0011400001e46XpAAI,Helix Electric Inc,Customer,Low,,ENT,,,,,flat file or unidentified method
0011O000022HqMk,SingleStore Inc.,Former Customer,Churning,,MM,,,,,flat file or unidentified method
0011400001qzOoo,"Simplot AB Retail Sub, Inc.",Former Customer,High,,SUB,TRUE,,,,established integration method
0011O00002GYvDV,Boys & Girls Clubs of San Francisco,Former Customer,Churning,,MM,,,,TRUE,established integration method
0011O00002Hj1EM,TimelyMD,Former Customer,Churning,,MM,,,,TRUE,established integration method
0013000000qI0cW,Crystal Clean,Former Customer,Churning,,MM,TRUE,,,,established integration method
0015Y00002pzV9G,Adventus Mining,Former Customer,High,,CAN,,,TRUE,,established integration method
0011O00002OLsTn,National Association of Chronic Disease Directors,Customer,High,,SMB,,,,TRUE,established integration method
001a000001XQUAZ,"Acorda Therapeutics, Inc.",Former Customer,Churning,,MM,TRUE,,,TRUE,established integration method
0015Y00002xFXjh,EliseAI,Former Customer,Churning,,SMB,,,,TRUE,established integration method
0011400001qzHeD,Vopak Terminals Singapore Pte Ltd.,Former Customer,High,,Intl,,,,,flat file or unidentified method
0011O00002PkYtQ,Florence Healthcare,Former Customer,Churning,,MM,,,,,flat file or unidentified method
0011400001vdLNN,Doctor Evidence LLC,Former Customer,Churning,,MM,,,,,flat file or unidentified method
0011O00001yoCf5,The Mission Continues,Former Customer,High,,SMB,,,,TRUE,established integration method
0011O000021aUq4,"American Forest Management, Inc.",Customer,High,0.13,MM,,,,,flat file or unidentified method
0011O00002BmuVj,"Protinus IT B.V. (“Protinus”) on behalf of  Politie, Politiedienstencentrum",Customer,Medium,0.04,Intl,TRUE,,TRUE,,established integration method
0015Y00002ZvGcV,HMS Construction Inc,Customer,Medium,0.07,MM,,,TRUE,,established integration method
0011O0000241yb8,IPS Group Inc.,Customer,Low,0.01,MM,,,,TRUE,established integration method
0015Y00003O7avH,Musqueam Capital Corp.,Customer,High,0.69,CAN,,,,TRUE,established integration method
0015Y00002Zv5gb,Cutsforth Inc,Customer,Low,0.06,SMB,,,,TRUE,established integration method
0011400001ckggl,"Rimkus Consulting Group, Inc.",Customer,Low,0.04,MM,,TRUE,TRUE,,established integration method
0011400001jpbQE,Space Exploration Technologies Corp.,Customer,Medium,0,ENT,TRUE,,,,established integration method
0011400001aEYJ6,Vita-Mix Management Corporation,Customer,Low,0.07,MM,,,TRUE,,established integration method
0011400001qzOpR,Curant Inc.,Customer,Low,0.03,MM,,,,TRUE,established integration method
0011400001bS3eW,"Ashton Woods Corporate, LLC",Customer,Low,0.01,FINS,TRUE,,,,established integration method
0011O00002BQ8SF,Clear Insurance Management,Customer,High,0.95,UK,,,,TRUE,established integration method
0011400001lGiRh,National September 11 Memorial & Museum,Customer,Low,0.02,MM,TRUE,,,,established integration method
0013000000qI0ez,McDonalds Restaurants Of Canada Limited,Customer,High,0.61,ENT,TRUE,,,,established integration method
0015Y00004xsKT3,Eagle Bidco BV,Customer,Low,0.04,Intl,,TRUE,TRUE,TRUE,established integration method
0015Y00002moInx,Cyngn Inc.,Customer,Low,0.37,SMB,TRUE,,,TRUE,established integration method
0011O00002LUHmq,ElectraLink Ltd,Customer,Low,0,UK,,,,TRUE,established integration method
0015Y00004eC4Ah,TeMeDa,Customer,Churning,1,SMB,,,,TRUE,established integration method
001OO00000GBkXn,Forensic Analytics,Customer,Low,0.03,UK,,,,TRUE,established integration method
0011400001qz6kK,"Wasserstrom, Inc.",Customer,Low,0,ENT,,,TRUE,,established integration method
0011O00002Dep9s,The Sobrato Organization,Customer,Medium,0.14,FINS,,,,,flat file or unidentified method
001OO000005LoYP,Makor Management,Customer,High,0.71,FINS,,,TRUE,,established integration method
0011O00002GJBY3,Northgate,Customer,Low,0.02,MM,,,,,flat file or unidentified method
0011400001s5E1d,Tachi Palace Casino Resort,Customer,Medium,0.74,ENT,,TRUE,,,established integration method
0011O000024ycJj,Arena Energy LLC,Customer,Low,0.03,MM,,,TRUE,TRUE,established integration method
0015Y00002iSWm5,Soli Organic Inc.,Customer,High,0.68,MM,,,TRUE,,established integration method
0011O00002XhrEU,"Astrana Health, Inc.",Customer,Low,0.07,SUB,,,TRUE,,established integration method
001a000001UxoOu,SMS Equipment Inc.,Customer,Low,0.25,CAN,TRUE,,,,established integration method
0015Y00002yPcxb,Sharp Electronics of Canada Ltd.,Customer,Low,0.01,CAN,,,,TRUE,established integration method
0015Y00002ZuBag,CANY Technical Services LLC,Customer,Low,0.45,SMB,,,,TRUE,established integration method
0015Y00003qYA9t,Montea NV,Customer,Medium,0.17,Intl,,TRUE,,,established integration method
0015Y00002lxrdf,Cordelio AdminCo Inc.,Customer,Medium,0.13,CAN,,,,TRUE,established integration method
0011O000027BqBQ,Dynavax Technologies Corporation,Customer,High,0.47,MM,,,,,flat file or unidentified method
0011O00002SYw8Q,IPPF,Customer,Low,0.12,UK,,,,TRUE,established integration method
001a000001UxowC,First Financial Bancorp,Customer,High,,FINS,,,,,flat file or unidentified method
0011O00002G24Yc,Abbott Established Pharmaceuticals,Customer,Medium,,Intl,,,,,flat file or unidentified method
0015Y000039L1ovQAC,Australian News Channel Pty Ltd,Customer,Low,,Intl,,,TRUE,,established integration method
0011O00002DP6crQAD,Pet Paradise Resort,Customer,Low,,MM,,,,,flat file or unidentified method
001OO00000LdS8PYAV,CV Family,Customer,Low,,SMB,,,,,flat file or unidentified method
0011O000024yk5Y,US Auto Sales,Former Customer,Churning,,SMB,TRUE,,,,established integration method
0013000000qHvpz,Regal Entertainment Group,Former Customer,Churning,,ENT,,,,,flat file or unidentified method
0015Y00002yPfnj,Elevar Therapeutics Inc,Former Customer,Churning,,SMB,,,,TRUE,established integration method
0011O00001yoMpN,Dejero,Former Customer,Churning,,MM,,,,,flat file or unidentified method
001OO000006sDsrYAE,Gunner Roofing,Customer,Medium,,SMB,,,,,flat file or unidentified method
0011O00001zwYKa,MacPherson Art,Former Customer,Churning,,MM,,TRUE,,,established integration method
0011400001eghKf,IQ Credit Union,Former Customer,Churning,,FINS,,,,,flat file or unidentified method
0011400001qzQKh,Midwest Cooling Towers Inc.,Former Customer,Churning,,MM,,,,,flat file or unidentified method
0011O00002O3SU7,Lyssn,Former Customer,High,,SMB,,,,,flat file or unidentified method
0015Y00002yRLrU,International Testing Agency,Customer,Low,,Intl,,,TRUE,,established integration method
001OO00000HrVgb,Sightview,Customer,Low,,MM,,,,TRUE,established integration method
0015Y00002Zuh1j,PDQ.com Corporation,Former Customer,Churning,,SMB,,,,TRUE,established integration method
0011O000024ylhO,"Fusion Risk Management, Inc.",Former Customer,Churning,,MM,TRUE,,,TRUE,established integration method
0011400001s4xoZ,Veritas Steel LLC,Former Customer,Churning,,MM,,,,,flat file or unidentified method
0011O000021afTa,OTJ Architects,Customer,Low,,MM,,,TRUE,,established integration method
001OO00000NIBhO,BritNed Development Limited,Customer,Low,,Intl,,,,,flat file or unidentified method
0011O00001ynDgC,Innovatis Group,Former Customer,Churning,,SMB,,,,,flat file or unidentified method
0011400001s5BaF,The Wenger Feeds,Former Customer,Churning,,MM,TRUE,,,,established integration method
0015Y00002mlzir,Aspen Global Change Institute,Former Customer,Churning,,SMB,,,,TRUE,established integration method
0011O000022Hqkp,,,,,,,,,,flat file or unidentified method
0015Y00002tEPG1,Village Enterprise,Customer,Low,0,MM,,,,TRUE,established integration method
001a000001XR8en,"Broker's International, Ltd.",Customer,Churning,0.18,FINS,TRUE,,,TRUE,established integration method
0011400001qzBG8,DHX Media (Toronto) Ltd.,Customer,High,0.07,CAN,TRUE,,,,established integration method
0011O000021L9UY,Zilliant Inc,Customer,Low,0.09,MM,,,,TRUE,established integration method
0011O00002LTgZi,I Squared Capital Advisors (US) LLC,Customer,Low,0.12,FINS,,,,TRUE,established integration method
0015Y00004T7WA3,FairWave Coffee Collective,Customer,Low,0.12,MM,,,,TRUE,established integration method
0015Y00006IdgKR,"Vitara Biomedical, Inc.",Customer,Low,0.33,SMB,,,,TRUE,established integration method
001OO000008sAPB,Groupe Grandio,Customer,Low,0.19,CAN,,,,,flat file or unidentified method
0015Y00002ZwRXY,"Swift Current Management Services, Inc.",Customer,Low,0.43,SMB,,,,TRUE,established integration method
0015Y00003qUnY0,Miway Insurance Limited,Customer,Low,0.07,Intl,,,,,flat file or unidentified method
0013000000qHwGk,Provident Credit Union,Customer,Medium,0.26,FINS,TRUE,,,,established integration method
001OO00000Spzay,Govineer Solutions LLC,Customer,Medium,0,MM,,,,TRUE,established integration method
0015Y00004OEgeM,Groupe Canva,Customer,Medium,0.02,CAN,,,,,flat file or unidentified method
0011O00002HqDRE,WGC (UK) LTD,Customer,Low,0.07,UK,,,TRUE,,established integration method
0011400001ckghL,Search for Common Ground,Customer,Medium,0.11,MM,,,,TRUE,established integration method
0011O00002QaX1h,The Burton Corporation,Customer,Low,0,MM,,,TRUE,,established integration method
0015Y00002eGLPz,Keysource,Customer,High,0.03,UK,,,,,flat file or unidentified method
0011O00002KuJLr,Pepper Money (PMB) Limited,Customer,Low,0,UK,,,TRUE,,established integration method
0011O00002ET0OK,WELL Health Technologies Corp.,Customer,Low,0.02,CAN,,,,,flat file or unidentified method
0013000000qHw9H,"Gas South, LLC",Customer,Medium,0.02,SUB,TRUE,,,TRUE,established integration method
0011O00002HiftT,Ro,Former Customer,Churning,,MM,,,,,flat file or unidentified method
001OO00000TzaVm,Give For The Future Fund,Customer,Medium,,SMB,,,,TRUE,established integration method
0011400001hFDJu,Fiberlight,Former Customer,High,,MM,,,,TRUE,established integration method
0011O000022HssP,"root9B, LLC",Former Customer,High,,SMB,,,,,flat file or unidentified method
0015Y00004jRtfQ,Dentalook Inc.,Former Customer,Churning,,CAN,TRUE,,,TRUE,established integration method
0011O0000250oBI,A2 Biotherapeutics,Former Customer,Churning,,SMB,,,,,flat file or unidentified method
001OO000003AxoJ,"SB Clinical Practice Management Plan, Inc",Customer,Medium,,ENT,,,,,flat file or unidentified method
0011400001s5DjE,SingerLewak LLP,Former Customer,High,,MM,,TRUE,,,established integration method
0015Y00002oCcMw,Aspria,Customer,Medium,,UK,,,TRUE,,established integration method
0015Y00002ZvN0G,Plastic Bank,Former Customer,Churning,,CAN,,,,,flat file or unidentified method
0011O00002GK9xVQAT,Surrey Place Centre,Customer,Low,,CAN,,,,,flat file or unidentified method
0011O00001zxjeh,Securelink,Former Customer,Churning,,MM,,,,,flat file or unidentified method
0011O00002GJBUH,Blm Group USA Corp,Former Customer,High,,SMB,,,,,flat file or unidentified method
0011O000021KHuS,Switchfly Inc,Former Customer,Churning,,MM,,,,,flat file or unidentified method
0015Y00002xFtkc,OpenLoop,Former Customer,Churning,,SMB,,,,TRUE,established integration method
0015Y00003QPFqq,Legacy South,Former Customer,Churning,,FINS,,,,,flat file or unidentified method
001OO000002n5Ws,Cencora,Customer,Low,,ENT,,,,,flat file or unidentified method
0015Y00002eGO60QAG,NPA Insurance Ltd,Customer,Low,,UK,,,,,flat file or unidentified method
0011O00002NbCjw,CorneaGen,Customer,Low,0,MM,,,,TRUE,established integration method
0015Y00002yQpEU,Boys & Girls Clubs Of Metro Denver,Customer,Medium,0.66,SMB,,,,TRUE,established integration method
0015Y00004rLlcn,Lumivero,Customer,Churning,0.62,MM,,,,TRUE,established integration method
0015Y00002tEQsxQAG,Park Avenue Synagogue,Customer,Low,0,MM,,,,TRUE,established integration method
0015Y00002nl1od,"UpStack, Inc.",Customer,Medium,0.06,MM,TRUE,,TRUE,,established integration method
0011400001lGRZM,Tanger Properties Limited Partnership,Customer,Low,0,FINS,TRUE,,TRUE,,established integration method
0013000000qHxA6,National Football League Players Association,Customer,Low,0.21,MM,,TRUE,,,established integration method
0015Y00002oCjnL,UST Global Inc.,Customer,Medium,0.25,ENT,,,,,flat file or unidentified method
0011O00002DhKCL,London Luton Airport Operations Limited,Customer,Low,0.04,UK,,,,TRUE,established integration method
0011O000022IBAH,Kobelco Construction Machinery Europe B.V,Customer,Low,0.39,Intl,,TRUE,,,established integration method
0015Y000049ii67,Medical Device Innovation Consortium,Customer,High,0.62,SMB,,,,TRUE,established integration method
0015Y00002ZvF6U,Environmental Landworks Company Inc,Customer,Medium,0.04,MM,,,,,flat file or unidentified method
0011400001qz8ig,A.J.M. Packaging Corp.,Customer,Medium,0.42,ENT,TRUE,TRUE,,,established integration method
0011O00002AO3T3,National League of Cities,Customer,Medium,0.62,MM,,,,TRUE,established integration method
0011O00002O1rB5,Canford Healthcare and its subsidiaries,Customer,High,0.62,UK,TRUE,TRUE,,,established integration method
0011O00002ONDls,Cape Analytics,Customer,Churning,0.5,MM,,,,TRUE,established integration method
0011400001s5BxZ,KVC Health Systems,Customer,Low,0.02,ENT,,,,,flat file or unidentified method
0015Y00002Zv6jY,Fairlawn Real Estate Inc.,Customer,High,0.04,FINS,,,,,flat file or unidentified method
0015Y00002cih1m,Dura Software,Customer,Medium,0.04,MM,,,,TRUE,established integration method
0015Y00002njQnT,"Mint House, Inc.",Customer,Low,0.31,MM,,,,TRUE,established integration method
0011O000024z4dV,Alterra Mountain Company,Customer,Low,0.05,ENT,,,TRUE,,established integration method
0011O00001zwzeD,Shepherd University,Customer,Low,0.13,MM,,,,,flat file or unidentified method
0011O0000250mX4,Index Exchange Inc,Customer,Churning,0.22,MM,,,,TRUE,established integration method
0011400001ZYWrR,Enventure Global Technology,Customer,Churning,0.95,MM,TRUE,,,,established integration method
0011400001s5DdA,Elmington,Customer,Medium,0.36,FINS,,,,TRUE,established integration method
0011O000024zS0E,Rincon Research Corp,Customer,Low,0.05,MM,,,,,flat file or unidentified method
0011O00002QcWHb,GAL Aerospace,Customer,Low,0.03,CAN,,,,TRUE,established integration method
0011400001qzw7M,Henley Enterprises,Customer,Medium,0.03,ENT,TRUE,,,TRUE,established integration method
0011O00002OLpzA,Coriell Institute for Medical Research,Customer,Medium,0.34,MM,,,,,flat file or unidentified method
0015Y00002ZuSxa,Metro Express Car Wash,Former Customer,Churning,,SMB,,,,,flat file or unidentified method
0011O00001ykreW,Clay Lacy Aviation,Customer,Low,0.09,MM,TRUE,,,,established integration method
0011O00002MHPZu,Vesta Healthcare,Former Customer,Churning,,SMB,,,,,flat file or unidentified method
0011400001jqdib,Crotched Mountain Foundation,Former Customer,Churning,,MM,,,,,flat file or unidentified method
001OO00000TN1ip,The Cambium Group,Customer,Low,,UK,,,,TRUE,established integration method
0015Y00002lyQKZ,Celona,Former Customer,High,,SMB,,,,TRUE,established integration method
0015Y00003O7q8p,Poppi,Former Customer,Churning,,SMB,,,,TRUE,established integration method
0011400001s5EOk,"HomeAdvisor, Inc.",Former Customer,Churning,,SUB,TRUE,TRUE,,,established integration method
0011400001gxuQ1,Naumann/Hobbs Material Handling,Former Customer,High,,MM,,TRUE,,,established integration method
0011400001qz9iR,"US Assure, Inc.",Former Customer,Churning,,FINS,TRUE,,,,established integration method
0011O000022JiJs,Arcos,Former Customer,Churning,,SMB,,,,TRUE,established integration method
0011O00002420Vg,Robertet UK Ltd,Customer,Low,,UK,,,,,flat file or unidentified method
0011O00001xSITe,Thesys Technologies,Former Customer,Churning,,FINS,,,,,flat file or unidentified method
0011400001qz8RaAAI,Havas Media Group USA LLC,Customer,Low,,MM,,,,,flat file or unidentified method
0011400001tERLN,TECTRAN Manufacturing Inc,Former Customer,Churning,,MM,TRUE,,,,established integration method
0011O00002519Sw,Paramount Commerce,Former Customer,Churning,,CAN,,,,,flat file or unidentified method
001OO00000eDWrAYAW,LiminalArc,Customer,Low,,SMB,,,,,flat file or unidentified method
0011400001pYNUH,PGMS (IRISH BRANCH)-Standard Life UK UK,Customer,Low,,SUB,,,,,flat file or unidentified method
0011400001qzM5Q,Smart Union,Former Customer,Churning,,MM,,,,,flat file or unidentified method
0011400001qzK0M,"Ready Electric Co., Inc.",Former Customer,Churning,,MM,,,,,flat file or unidentified method
0011O000024zNzd,Spectralink Corp,Former Customer,Churning,,SUB,,,,,flat file or unidentified method
0013000000qHw4u,"Blakes Services Inc. (together with its affiliates, including Blake, Cassels & Graydon LLP)",Customer,Low,,CAN,TRUE,,TRUE,,established integration method
0015Y00002Zvjgs,GeoPark Colombia S.A.,Former Customer,Churning,,Intl,,,,,flat file or unidentified method
0015Y000039L5uS,60 Decibels Inc.,Former Customer,Churning,,MM,,,,,flat file or unidentified method
0015Y00002ZuRYr,Rackson Restaurants LLC,Customer,Low,,MM,,,,TRUE,established integration method
0011400001ikWBd,SmithGroup,Customer,Medium,,MM,,,,,flat file or unidentified method
0011O000021Ka3P,Mammoth Energy Services,Customer,Low,0.18,MM,TRUE,,,,established integration method
0011O00002GJP8a,"Simon, Kucher & Co. Holding GmbH",Customer,Churning,0.08,Intl,TRUE,,,,established integration method
0015Y00002ZuIJb,"Boston Document Systems, Inc.",Customer,Low,0.13,MM,,,,,flat file or unidentified method
0015Y00002lKws6,Alliance North America,Customer,Low,0.03,SMB,,,,TRUE,established integration method
0011O000022IiLp,"Museum of Science and Industry, Chicago",Customer,Low,0.06,MM,,,,TRUE,established integration method
0011400001eegTa,"Resco Products, Inc.",Customer,Churning,0.51,MM,TRUE,,,,established integration method
0015Y00003YlAFk,Autura (formerly Traxero North America LLC),Customer,High,0.96,SMB,,,,TRUE,established integration method
0011O00002Bq2Z7,Stream Companies,Customer,High,0.19,MM,,,,TRUE,established integration method
0011O00002OLqBk,Youth Services System Inc,Customer,Low,0.65,MM,,,,,flat file or unidentified method
0015Y000056fovF,Choice Health at Home,Customer,Low,0,SMB,,,,TRUE,established integration method
0011O00002Ccnsq,Capri Communities,Customer,Medium,0.09,MM,TRUE,TRUE,,,established integration method
0011O00002HIlfq,"AnovoRX Group, LLC",Customer,Low,0.21,MM,,,,TRUE,established integration method
0011400001pYRHy,OIL Spill Response Ltd.,Customer,Low,0.08,UK,,TRUE,,TRUE,established integration method
001a000001Ru3hQ,"CentralSquare Technologies, LLC",Customer,Low,0.01,ENT,,,,TRUE,established integration method
0011O000021LZNv,Catalyst Miami,Customer,High,0.45,MM,,,,TRUE,established integration method
0011O0000241ljG,Padres L.P.,Customer,Low,0.03,MM,TRUE,,,,established integration method
0011400001qz7H9,Central Valley AG Cooperative,Customer,Medium,0.02,MM,TRUE,,,,established integration method
0015Y000053AOPp,"Tasty Restaurant Group, LLC",Customer,Low,0.06,MM,,,TRUE,TRUE,established integration method
0011400001cDIhP,"0763314 BC LTD., dba Signature GOLFTEC Canada",Customer,Low,0.61,MM,,,,TRUE,established integration method
0015Y00004ziyJj,"Country Sweet Produce, Inc",Customer,Low,0.04,SMB,TRUE,,,,established integration method
0011400001vcunz,GS1 Canada,Customer,Churning,0.96,CAN,TRUE,,,,established integration method
0011O000024z5TG,Maplewood Senior Living LLC,Customer,Low,0.03,MM,,,TRUE,,established integration method
0015Y00003qXsnF,Jeeter - a DreamFields Brand,Former Customer,Churning,,MM,,,,,flat file or unidentified method
0011O00002E5Tgw,"CHC, Inc.",Customer,Low,0.21,MM,TRUE,,,,established integration method
0011O00001yoBrS,Association for Institutional Research,Customer,High,0.18,SMB,TRUE,,,,established integration method
001a000001Lchxw,Gary Jonas Computing Ltd dba Jonas Software,Customer,Low,0.06,UK,TRUE,TRUE,,,established integration method
0015Y00002Zv0CT,Nantucket Island Management LLC. DBA,Customer,Medium,0.06,MM,TRUE,,,,established integration method
0011O00002BqY2j,Friendship Bridge,Customer,Low,0.22,SMB,,TRUE,,TRUE,established integration method
0015Y00002ZuGE2,ARCTOS,Customer,Medium,0,SMB,TRUE,,,,established integration method
0011400001mtRkd,EdTec Inc.,Customer,Low,0.04,MM,TRUE,TRUE,TRUE,TRUE,established integration method
001OO00000TAwAEYA1,OrphAI Therapeutics,Customer,Low,,SMB,,,,TRUE,established integration method
0015Y00002rm4ef,Mundoro Capital,Former Customer,Churning,,CAN,,,,TRUE,established integration method
0011O00002ET0Hs,Grupo MasMovil Xfera Moviles SAU,Former Customer,High,,Intl,,,,,flat file or unidentified method
0015Y00004OCaR8,My Choice Wisconsin,Former Customer,High,,MM,,,,,flat file or unidentified method
0011O00002GJA3r,Beyond Finance,Former Customer,Churning,,FINS,,,,TRUE,established integration method
0011O000024yVm1,Groundworks,Customer,High,,ENT,,,,TRUE,established integration method
0011O000021LFhZ,Slate Asset Management,Former Customer,Churning,,CAN,TRUE,,,,established integration method
0015Y00003YlCzV,Lansweeper NV,Customer,Low,,Intl,,,,TRUE,established integration method
0015Y00002lxEqn,SOAX,Former Customer,Churning,,UK,,,,,flat file or unidentified method
0015Y00004rJT0Y,"Soil-Nail Holdings, LLC",Customer,Medium,,MM,,,,,flat file or unidentified method
0011400001mt3o0,"Prinsco, Inc.",Prospect,High,,MM,,,,,flat file or unidentified method
001OO00000dMgLXYA0,Potters Resorts,Customer,Low,,UK,,,,,flat file or unidentified method
001OO00000ce71kYAA,Nexgen Management,Customer,High,,FINS,,,,,flat file or unidentified method
001OO00000FHcmf,KE Hotels,Customer,Low,,UK,,,,,flat file or unidentified method
0011O00002G3uwH,Akili Interactive Labs,Former Customer,Churning,,MM,,,,,flat file or unidentified method
0011O00002GJJ4d,Evidence Action,Former Customer,Churning,,MM,,,,TRUE,established integration method
0011O00002GJBubQAH,Community Food Co-op,Customer,Low,,MM,,,,,flat file or unidentified method
001a000001LPA0n,"Continental Carbon Company, Inc.",Former Customer,Churning,,MM,,TRUE,,,established integration method
0011400001s5BPbAAM,Trillium Health Care Products,Customer,Low,,CAN,,,,TRUE,established integration method
001OO000002PKbt,Archaea Energy Operating LLC,Customer,Low,0.01,SMB,,,,,flat file or unidentified method
0015Y00002tEPwT,Chattanooga Christian School,Customer,Low,0.17,MM,,,,TRUE,established integration method
0011400001tFBRS,Listrak,Customer,Low,0.09,MM,,,,TRUE,established integration method
0015Y00003qXy5b,Exploron Corporation,Customer,Low,0.02,CAN,,,,TRUE,established integration method
0011O000024ywq3,Tipico Services Ltd.,Customer,Low,0.03,Intl,,,,,flat file or unidentified method
0015Y00004OCEZf,DSquared Hospitality Company,Customer,Medium,0.62,SMB,,,,TRUE,established integration method
0011O00002PtBcY,"Foot Locker Corporate Services, Inc. on behalf of itself and its affiliates",Customer,Medium,0,ENT,TRUE,,,,established integration method
0011O00002Bqnsd,Clarius Mobile Health Corp,Customer,Low,0.03,CAN,,,,TRUE,established integration method
0011O000021KzTI,"USA EB5 Immigration, LLC",Customer,Low,0,FINS,,,,TRUE,established integration method
0011400001s5EUt,International AIDS Vaccine Initiative,Customer,Medium,0.08,MM,,TRUE,TRUE,TRUE,established integration method
0011O00002GJOxg,"Flagstar Bank, N.A.",Customer,Low,0.33,ENT,,,,,flat file or unidentified method
0011400001pYPdJ,Utilita Energy,Customer,Churning,0.46,UK,,,TRUE,,established integration method
0011O00002G4Kkw,The Granite Club Limited,Customer,Low,0.47,CAN,TRUE,,,,established integration method
0013000000qHwMB,Beck Supplies Inc.,Customer,Low,0,MM,,,TRUE,,established integration method
001OO00000Cx5ZX,Sessions Cannabis Retail Inc.,Customer,High,0.97,CAN,,,TRUE,TRUE,established integration method
0011400001qzHev,George M. Leader Family Corporation,Customer,Low,0.04,ENT,TRUE,,,TRUE,established integration method
0011400001qzOkY,Firan Technology Group Corp.,Customer,Medium,0.05,CAN,,,,TRUE,established integration method
0013000000qHxdY,Smart Technologies ULC,Customer,Medium,0.01,CAN,,,,,flat file or unidentified method
0011O00002D1qxI,Healthcare Businesswomen's Association,Customer,Low,0.12,SMB,,,TRUE,TRUE,established integration method
0011O00002E6WZH,First Help Financial,Customer,Medium,0,FINS,,,TRUE,TRUE,established integration method
0011O00002ONDlx,"GTY Technology Holdings, Inc. dba Euna Solutions",Customer,Low,0.02,MM,,TRUE,,TRUE,established integration method
0015Y00002c3E4j,Daiwa Capital Markets Europe Limited,Customer,Medium,0.05,UK,TRUE,,,,established integration method
0015Y00004T6Hym,Green Hill II BV,Customer,Low,0.2,Intl,,,TRUE,,established integration method
0011400001pYSHI,South Essex College of Further and Higher Education,Customer,Low,,UK,,,,,flat file or unidentified method
0011400001qzCr0,"Wells Fargo Bank, N.A",Customer,Medium,0,ENT,TRUE,,TRUE,,established integration method
0011O000022IPkq,"Capital City Home Loans, LLC",Customer,Medium,0.09,SUB,TRUE,,,,established integration method
0011O00002VPr3d,Proven Group Limited,Customer,Churning,0.98,Intl,,,,,flat file or unidentified method
0011O000022Kdsr,NCFE,Customer,Low,0.05,UK,TRUE,,,TRUE,established integration method
0015Y00002yPkYG,"ESG Energy Partners, LLC dba Crossbridge Energy Partners",Customer,Low,0,Intl,,TRUE,,TRUE,established integration method
0011O00002GJEBE,Schillings,Customer,Low,,UK,TRUE,,,,established integration method
0011O00002VPS5l,TCC Group,Former Customer,Churning,,UK,,,,,flat file or unidentified method
0015Y00003QOoH5,Konings NV,Customer,Medium,,Intl,,,,,flat file or unidentified method
0011O00002GJL4t,TegraGlobal,Former Customer,Churning,,ENT,,,,,flat file or unidentified method
0015Y00002mnHw2,Theory Wellness,Former Customer,Churning,,SMB,,,,,flat file or unidentified method
0011O0000250SpB,Resurrection Life Church,Former Customer,Churning,,MM,,,,,flat file or unidentified method
0011O00002Ht9Zf,Bloomerang,Former Customer,Churning,,MM,,,,TRUE,established integration method
0015Y00003qW8YC,Immobilier Carbonleo Inc.,Former Customer,Churning,,CAN,,,TRUE,,established integration method
0015Y00002ZuxPe,Roberts Communities,Former Customer,Churning,,FINS,,,,,flat file or unidentified method
0011400001s5EMN,"Woda Cooper Companies, Inc.",Former Customer,Churning,,FINS,TRUE,,,,established integration method
0011O000022JSKp,NuORDER Inc,Former Customer,Churning,,SMB,,,,,flat file or unidentified method
0015Y00004OF8DJ,Harrison Street Private Wealth LLC,Customer,Medium,0.55,FINS,,,,TRUE,established integration method
0011O00001yoCAo,Indiana Institute of Technology,Customer,Low,0,MM,TRUE,,,,established integration method
0011400001hvBZG,Mid Penn Bank,Customer,Medium,0.4,FINS,,,,,flat file or unidentified method
0011O00002VPDRJ,Davidson Homes,Customer,Low,0.04,MM,,,TRUE,,established integration method
0011400001pYIXR,Community First Solutions,Customer,Low,0,MM,,,,,flat file or unidentified method
001OO000007oOHh,Evertree Insurance LLC,Customer,Low,0.35,FINS,,,,TRUE,established integration method
0013000000qHvRu,Coast Capital Savings Federal Credit Union,Customer,Low,0.01,CAN,TRUE,,,,established integration method
0011400001qzFi6,"North American Science Associates, Inc.",Customer,Medium,0.02,ENT,,TRUE,,TRUE,established integration method
0015Y00002lxM67,KORE Power,Former Customer,Churning,0.99,SMB,,,TRUE,,established integration method
0015Y00003YlEwj,Surrey County Cricket Club,Customer,Low,0,UK,,,,TRUE,established integration method
001OO00000UdHJ9YAN,ManageMy,Customer,Low,0.03,UK,,,,,flat file or unidentified method
0011400001gzLco,Eagle Transport Corp.,Customer,Low,0.07,MM,,,,TRUE,established integration method
0015Y00002p59za,Larian Group Holdings Ltd.,Customer,Low,0.18,Intl,,,,,flat file or unidentified method
001a000001UxoGG,"Russell Cellular, Inc.",Customer,High,0.57,ENT,,,,TRUE,established integration method
0011O000024ylz0,All World Machinery Supply Inc,Customer,Low,0.03,SMB,,,TRUE,,established integration method
0011O0000241oW1,Systems & Technology Research,Customer,High,0.02,MM,TRUE,,,,established integration method
0015Y00003Dku3Y,Sportfondsen Nederland B.V.,Customer,High,0,Intl,TRUE,,,,established integration method
0011400001qzA5R,Capgemini Government Solutions LLC,Customer,Medium,0,Intl,TRUE,,TRUE,,established integration method
0011O00002H1EDF,Charm Jewelry Limited,Customer,Medium,0.29,CAN,TRUE,,,,established integration method
0015Y00002vaztO,Lilac Solutions Inc.,Customer,Medium,0.14,MM,TRUE,,,TRUE,established integration method
001a000001UxnUG,"Liaison International, Inc.",Customer,Medium,0.16,MM,TRUE,,,TRUE,established integration method
0011O000024zG2Y,Crieff Hydro Limited,Customer,Low,0.2,UK,,TRUE,,,established integration method
0011O00002VQFJd,Signal Peak Silica LLC,Former Customer,Churning,,MM,,TRUE,TRUE,,established integration method
0015Y00002ZucUZQAZ,The Motz Corporation,Customer,Low,,SMB,,,,,flat file or unidentified method
0011O000027Bpt3QAC,Caymus Vineyards,Customer,Low,,MM,,,,,flat file or unidentified method
0011O00002GZPOr,CityVet,Former Customer,Churning,,SMB,,,,TRUE,established integration method
0011400001s4wyyAAA,"Detemple Company, Inc.",Customer,Low,,SMB,,,,,flat file or unidentified method
0011O00002BmZyg,"6sense Insights, Inc.",Former Customer,Churning,,MM,,,,,flat file or unidentified method
0015Y00003gwzoXQAQ,Titan Motorsport And Automotive Engineering,Customer,Low,,UK,,,,,flat file or unidentified method
0011400001qz8iDAAQ,"Accretive Technology Group, Inc.",Customer,Low,,MM,,,TRUE,,established integration method
0011O00002OMDrP,Kill Cliff Inc.,Former Customer,High,,SMB,,,,,flat file or unidentified method
0015Y00002Zv5CN,Prime Properties Inc,Former Customer,High,,FINS,TRUE,TRUE,,,established integration method
0011O00001yoCAd,Onit,Former Customer,Churning,,MM,,,,TRUE,established integration method
0011400001s5Byy,Alabama One Credit Union,Former Customer,Churning,,FINS,,,,,flat file or unidentified method
0011O00002GJP1i,The East Texas Food Bank,Customer,Low,,SMB,TRUE,,,,established integration method
0011400001fMmUc,The Lemoine Company LLC,Customer,High,,MM,,,TRUE,,established integration method
0011400001s5BzK,Aldea Children & Family Services,Former Customer,High,,SMB,,,,,flat file or unidentified method
0013000000qI0Cy,Andersen Tax LLC,Former Customer,High,,ENT,,,,,flat file or unidentified method
001OO00000HyLJA,eLife,Customer,Low,,UK,,,,,flat file or unidentified method
0011400001qz8Vb,Environmental Chemical Corp.,Customer,Low,0.08,MM,TRUE,,,,established integration method
0011O00002VNlYl,LightBox Parent L.P.,Customer,Low,0,MM,,TRUE,TRUE,TRUE,established integration method
0015Y00004T63vt,Paragon Therapeutics,Customer,High,0.04,SMB,,,TRUE,TRUE,established integration method
0011O00001zxjjS,Live Learning Technologies Shared Resources LLC,Customer,Medium,0.04,ENT,,,,TRUE,established integration method
0011400001qzBxU,Bradley Corp.,Customer,Medium,0.29,MM,TRUE,,,,established integration method
0011400001qz5rJ,"Audax Management Company, LLC",Customer,Medium,0.03,ENT,,,,TRUE,established integration method
0011O00002AMfiw,Nashville Soccer Holdings LLC,Customer,Low,0.01,MM,,,,TRUE,established integration method
0011400001qzFxo,"Sekisui Kydex, LLC",Customer,Medium,0.21,MM,TRUE,,,,established integration method
0011400001qzCQe,ClarkDietrich Building Systems,Customer,Low,0.4,ENT,TRUE,,,,established integration method
0015Y00002lxabG,Howserv Services Ltd.,Customer,Medium,0.04,UK,,,,,flat file or unidentified method
0011O000024zO0C,"Goldbelt, Incorporated",Customer,Low,0.04,ENT,,,TRUE,,established integration method
0013000000qI0aL,Alticor Inc.,Customer,Medium,0.74,ENT,TRUE,,,,established integration method
0011O000022GxPl,Interac Corp.,Customer,Medium,0.11,CAN,,,TRUE,,established integration method
0011O00002OO0yC,First Mining Gold Corp.,Customer,High,0.42,CAN,TRUE,,,,established integration method
0011400001qzJvU,Investors Heritage Life Insurance Company,Customer,Low,0,FINS,,,TRUE,,established integration method
0015Y00004T4RG5,"Undefeated Tribe Operating Company, LLC",Customer,Medium,0,SMB,,TRUE,,TRUE,established integration method
0011400001pYPud,c2c Railway Limited,Customer,Low,0.06,UK,TRUE,TRUE,TRUE,,established integration method
0015Y00004eCOTm,ZMC,Customer,Low,0,FINS,,TRUE,TRUE,TRUE,established integration method
0011400001s5CKF,Ayres Associates Inc,Customer,Medium,0.03,MM,TRUE,TRUE,,,established integration method
0011O00002G0sIA,"Orthopaedic Solutions  Management, LLC",Customer,High,0.05,MM,TRUE,,,TRUE,established integration method
0015Y00003LZ3km,Sodexo Netherlands B.V.,Customer,High,0.57,Intl,,,,,flat file or unidentified method
0015Y00002yPdfj,"Passageways, Inc. d.b.a. OnBoard",Customer,Low,0.03,MM,,,,TRUE,established integration method
0011400001ZX8e8,"White Castle System, Inc.",Customer,Churning,0.27,ENT,TRUE,,,,established integration method
001OO00000B1dc6,Proxima Fusion GmbH,Customer,Low,,Intl,,,,,flat file or unidentified method
0011400001qzIS7,"Tower Engineering Professionals, Inc.",Former Customer,Churning,,MM,,,,,flat file or unidentified method
001OO0000047ihz,Agrofina,Customer,Medium,,Intl,,,,,flat file or unidentified method
0015Y00002ZvCxN,McStain Constructors LLC,Former Customer,Churning,,SMB,TRUE,TRUE,,,established integration method
0011O00002Xfq6b,Kandji,Former Customer,Churning,,MM,,,,,flat file or unidentified method
0015Y00002yPdLB,"Soluna Holdings, Inc.",Customer,Low,0,SMB,TRUE,,TRUE,TRUE,established integration method
0011400001jGta0,Denver Broncos Team LLC,Customer,Low,0.01,MM,,,,TRUE,established integration method
0015Y00004eCUho,MSI Reproductive Choices,Customer,Low,0.09,UK,,,TRUE,,established integration method
0011400001lGRS8,Alberta-Pacific Forest Industries,Customer,Low,0,CAN,TRUE,,,,established integration method
0015Y00002yPrpE,Caerus UK 1 Limited,Former Customer,Churning,,MM,,,,,flat file or unidentified method
0011400001eefOy,Academic Partnerships,Former Customer,Churning,,MM,,,,,flat file or unidentified method
0011400001e30sS,Red Ventures,Former Customer,Churning,,ENT,,,,,flat file or unidentified method
0011O00002LmYne,iPlan LLC,Former Customer,Churning,,FINS,,,,,flat file or unidentified method
001a000001UxnkI,"Mystery Ranch, Ltd.",Former Customer,Churning,,SUB,,,,,flat file or unidentified method
0011O00002FDYd3,Bounteous,Former Customer,Churning,,MM,,,,TRUE,established integration method
0011400001ufTva,aPriori Technologies,Former Customer,Churning,,MM,,TRUE,,TRUE,established integration method
0011O000021LMPH,Vydia,Former Customer,Churning,,SMB,,,,,flat file or unidentified method
0011O00002Euqp5QAB,Baffinland Iron Mines Corporation,Customer,Low,,CAN,,,,,flat file or unidentified method
0011400001dPYeN,Apache Hose & Belting Company,Former Customer,Churning,,SUB,,,,,flat file or unidentified method
0011O000022KqYy,FM Systems Inc,Former Customer,Churning,,MM,,,,TRUE,established integration method
0011O00002GJNCM,"Pond Lehocky Giordano Inc., and affiliates",Customer,Low,,MM,,,TRUE,TRUE,established integration method
0015Y00003B87fN,MAKEEN Energy,Customer,Low,,Intl,,,TRUE,,established integration method
0015Y00003DltM1,M.I. Integration,Customer,Medium,,CAN,,,,,flat file or unidentified method
001OO000003LObv,"Primary Peds Buyer, Inc",Customer,Low,,SMB,,,TRUE,TRUE,established integration method
001OO000004kVPv,Greyhill Asset Management Corp.,Customer,Low,,CAN,,,,TRUE,established integration method
0011O00002GJPPU,Flack Steel LLC-(d/b/a)Flack Global Metals,Customer,Low,,SMB,TRUE,,,,established integration method
0011O00002CgROa,Flowco Production Solutions,Customer,Medium,0.01,MM,TRUE,,,TRUE,established integration method
0015Y00002pzsRd,"Nobell Foods, Inc.",Customer,Medium,0.07,SMB,,,,TRUE,established integration method
0011O00002FaaWE,The Myers-Briggs Company,Customer,Churning,0.79,MM,TRUE,,,,established integration method
0011400001s5Bwt,Korry Electronics Co,Customer,High,0.14,SUB,TRUE,,,,established integration method
0011400001qzNmp,Elements,Customer,Low,0.07,MM,TRUE,,,TRUE,established integration method
0015Y00004JecgW,"Alexandra Lozano Immigration Law, PLLC",Customer,Low,0.08,MM,,,TRUE,TRUE,established integration method
0011400001qzHpc,Allentown Inc.,Customer,Low,0.68,MM,,,TRUE,,established integration method
0011400001s5DgF,Episcopal Communities & Services,Customer,Low,0.02,SMB,,TRUE,,,established integration method
0011400001s5ESY,IMT Partnership,Customer,Low,0,CAN,,,,,flat file or unidentified method
001a000001JfKBV,"Westgate Resorts, Ltd.",Customer,High,0.49,SUB,,,TRUE,,established integration method
0011O00002GJCef,"VDA, Inc.",Customer,Low,0.02,MM,,,,TRUE,established integration method
0011400001qzQFn,Edge OFS,Customer,Low,0.04,Intl,,,,TRUE,established integration method
0011400001s5D1H,"Coca-Cola Beverages Florida, LLC",Customer,Low,0,SUB,,,TRUE,,established integration method
0011O00001yoCEx,CareMetx LLC,Customer,Medium,0.31,MM,,,,TRUE,established integration method
0011400001ckgVt,Brentwood Industries,Customer,Medium,0.33,MM,TRUE,,,,established integration method
0013000000qHwCl,"Ventas Healthcare Realty, LLC",Customer,Medium,0,ENT,TRUE,,,,established integration method
0011400001qz8gh,Recochem Inc.,Customer,High,0.6,CAN,,,,,flat file or unidentified method
001a000001PZgD6,ALL Weather At Home,Customer,Low,0.1,CAN,TRUE,,,,established integration method
0011O00002TgZ7M,"Adknowledge, Inc. (d/b/a v2 Ventures)",Customer,Low,0,SMB,,,TRUE,,established integration method
0011O00002BQtXI,Neal's Yard,Former Customer,High,,UK,,TRUE,,,established integration method
0011400001s5DR0,RJW Logistics Group,Former Customer,Churning,,MM,TRUE,TRUE,,,established integration method
0011400001ZYrey,Magic Memories Group (HQ) Ltd.,Customer,Low,0.18,Intl,TRUE,,TRUE,TRUE,established integration method
0015Y000053ANI3,ENT & Allergy Services MSO LLC,Customer,High,0.11,MM,,,,TRUE,established integration method
001OO00000SmtVCYAZ,CER Cargo Holding SE,Customer,Low,,Intl,,,,,flat file or unidentified method
0011400001qzE9e,"Artiflex Manufacturing, LLC",Former Customer,Churning,,MM,TRUE,,,,established integration method
0011400001lGw3T,"PCA Retirement & Benefits, Inc.",Former Customer,Churning,,SMB,,,,,flat file or unidentified method
0011O000021K3uf,Nisum Technologies,Former Customer,Churning,,ENT,,,,TRUE,established integration method
0011O00001ylRpL,Spring Fertility,Former Customer,Churning,,SMB,,,,,flat file or unidentified method
0013000000qI05E,"Ormat Technologies, Inc.",Former Customer,High,,MM,TRUE,,,,established integration method
0011O00002GbBLM,6K,Former Customer,Churning,,SMB,,,,,flat file or unidentified method
0011400001qzLEb,Children's National Hospital,Former Customer,Churning,,ENT,,,,,flat file or unidentified method
0011O00002VOwPV,Compass Datacenters,Former Customer,Churning,,MM,,,,TRUE,established integration method
0011O00001yoCqz,UNM Foundation,Customer,High,,ENT,,TRUE,,,established integration method
001a000001Ru3jZ,Service Employees International Union,Former Customer,Churning,,MM,,,,TRUE,established integration method
0015Y00003Ym54L,"Orna Therapeutics, Inc.",Former Customer,Churning,,SMB,,,,TRUE,established integration method
0011O00001zxuZH,The Peninsula Hong Kong,Former Customer,Churning,,Intl,TRUE,,,,established integration method
001a000001Ru3eb,"InterDigital, Inc.",Former Customer,High,,MM,TRUE,,,,established integration method
0011O00001ylTH1,Sky Transportation Service Inc,Former Customer,Churning,,SMB,,,,,flat file or unidentified method
0011O00002VPV48,Hello Tech,Former Customer,Churning,,SMB,,,,,flat file or unidentified method
0015Y00003qW7NJ,OCMW/CPAS Brussels,Customer,Low,,Intl,,,,,flat file or unidentified method
0015Y00002YaePc,"Pelion IOT Ltd., d/b/a Pelion",Former Customer,Churning,,UK,,,,,flat file or unidentified method
0011O00002VQwaJ,Lark,Former Customer,Churning,,MM,,,,,flat file or unidentified method
0013000000qI0EV,"MARC Community Resources, Inc.",Former Customer,Churning,,SUB,,,,,flat file or unidentified method
001OO000004o6JF,LUMA Residential,Customer,Medium,0.47,FINS,,,,,flat file or unidentified method
0011O00002OLlRB,Rural Community Assistance Corporation,Customer,Medium,0.56,MM,,TRUE,,,established integration method
0015Y00003Dllcz,"April Housing, LLC",Customer,Medium,0.01,FINS,TRUE,,TRUE,,established integration method
0011O00002GKAp3,The Corporation of the Town of Innisfil,Customer,Medium,0,CAN,,,,,flat file or unidentified method
0011O000021abJJ,Metro Supply Chain Inc.,Customer,Low,0.18,CAN,TRUE,TRUE,TRUE,,established integration method
0011400001kiHRI,YouFit Gyms,Customer,Medium,0.62,ENT,,,,TRUE,established integration method
0015Y00004vVvhX,Nyrstar Tennessee Mines – Strawberry Plains LLC,Customer,Low,0.12,CAN,,,TRUE,,established integration method
001a000001T5jdp,Biamp Systems Corporation,Customer,Churning,0.37,SUB,TRUE,,,,established integration method
0011400001ckgc2,KIPP DC,Customer,High,0.15,MM,TRUE,,,TRUE,established integration method
0011400001pYP1B,Sports Information Services Limited,Customer,Low,0.02,UK,,,,,flat file or unidentified method
0011O00002GJRIv,Buc-ee's Ltd,Customer,Low,0.31,ENT,TRUE,,,,established integration method
0015Y00003YlFqz,Marex,Customer,Low,0,UK,,,TRUE,,established integration method
0011400001qzFQs,Heifer Project International,Customer,Medium,0.02,MM,TRUE,TRUE,,,established integration method
0011400001fMm8M,GBS Corporation,Customer,Medium,0.15,MM,TRUE,,,,established integration method
0015Y00002lyP91,Monogram Health,Customer,Medium,0,ENT,,,,TRUE,established integration method
0011O00002Xfqly,BW Energy Limited,Customer,Medium,0.6,Intl,TRUE,,TRUE,,established integration method
001OO000001SNu3,Davidson Holdings,Customer,Churning,0.77,UK,,,,,flat file or unidentified method
0015Y00002ZvwIa,"Bolt Biotherapeutics, Inc.",Customer,Churning,0.8,SMB,,,,TRUE,established integration method
0013000000qHxBb,"Kirkland's, Inc.",Customer,High,0.33,MM,,,,,flat file or unidentified method
0011O000024yzaX,Nederland Instituut voor Beeld en Geluid,Customer,Low,0.23,Intl,TRUE,,TRUE,,established integration method
0011400001qz5YC,"PNC Bank, National Association",Customer,Low,0.07,UK,TRUE,,,,established integration method
0015Y00002rmJMO,Velan Studios Inc.,Customer,Low,0.01,MM,,,,TRUE,established integration method
0015Y00002ZuzIw,The GreensLedge Group LLC,Customer,Low,0.08,FINS,,,,TRUE,established integration method
0013000000qI04n,"Greystar Management Services, LP",Customer,Medium,0.03,ENT,TRUE,TRUE,TRUE,,established integration method
0011O00002HIkXa,Learning Technologies Group plc,Customer,Low,0.26,UK,TRUE,,,TRUE,established integration method
0011O000024zdrN,"Graceland/Elvis Presley Enterprises, Inc.",Customer,High,0.36,MM,TRUE,,,,established integration method
0011O00001ymVbI,Mile High United Way,Customer,Low,0.04,MM,TRUE,TRUE,,,established integration method
0011O00001zwYIF,Wiser Solutions Inc,Customer,High,0.28,MM,,,,TRUE,established integration method
0011O0000250eay,Southern Legacy of Life,Customer,Medium,0.23,SMB,,,,TRUE,established integration method
0011O000022KOOM,Weston Wood Solutions Inc,Customer,Low,0.01,CAN,,,,,flat file or unidentified method
001OO000001P3YZ,Indigo Telecom Group,Customer,Low,0.01,UK,TRUE,TRUE,,,established integration method
0011O000027BmU5,Angel of The Winds Casino,Former Customer,Churning,,MM,TRUE,,,,established integration method
001OO00000IfDa6,Vertus Capital Alliance,Customer,Low,0.09,UK,,TRUE,TRUE,,established integration method
0011O00002GJFd6,OneUnited Bank,Customer,Medium,0.05,FINS,,,,,flat file or unidentified method
0011400001pYQl1,"The National Association of Citizens Advice Bureaux, doing business as Citizens Advice, with a registration number of 1436945",Customer,Low,0.08,UK,,TRUE,,TRUE,established integration method
0015Y00002rn7y1,"Mainsail Parent, LLC, dba Aspirion",Customer,Medium,0.17,MM,,,,TRUE,established integration method
0011O000022KI5g,Saalex Corp,Customer,Low,0.48,ENT,,TRUE,,,established integration method
0013000000qHzVT,United Services Automobile Association (USAA),Former Customer,High,,SUB,,,,,flat file or unidentified method
001OO000003SZty,Flight Lease Fund Management LLC,Customer,High,,FINS,,,,,flat file or unidentified method
0011400001s5CXNAA2,Brannan Companies,Customer,Low,,MM,,,,,flat file or unidentified method
0011400001qzC3n,"Proximo Spirits, Inc.",Former Customer,High,,MM,TRUE,,,,established integration method
0011O00002HigwI,Hallmark Care Homes Group Holdings Limited,Customer,High,,UK,,,TRUE,,established integration method
001OO00000M2CA8,AMPAC Enterprises Inc. (dba All-Star Sports),Customer,Medium,,SMB,,,,TRUE,established integration method
0011400001qzOAY,"Turning Point of Central California, Inc.",Former Customer,Churning,,MM,,,,,flat file or unidentified method
0011O00002D5HI8,Make the Road New York,Former Customer,Churning,,MM,,,,,flat file or unidentified method
0015Y000053CFbFQAW,Fello,Customer,Low,,MM,,,,TRUE,established integration method
0011O00002OLlPs,GAN Nevada,Former Customer,Churning,,UK,,TRUE,,,established integration method
0011O00002E5XqP,SMA Technologies,Former Customer,Churning,,MM,,,,,flat file or unidentified method
0011O00002OLsAT,Matanuska Valley Federal Credit Union,Customer,Medium,,FINS,,,TRUE,,established integration method
0013000000qHwWk,"Chick-fil-A, Inc.",Former Customer,Churning,,ENT,TRUE,,,,established integration method
0011400001egSlU,Compeer Financial,Former Customer,Churning,,FINS,,,,,flat file or unidentified method
0011O00002HsJgK,"Attorneys’ Liability Assurance Society Ltd. ""ALAS""",Customer,Low,0.09,SMB,,,,,flat file or unidentified method
00130000015eHXA,Capstone Infrastructure Corporation,Customer,Medium,0.02,CAN,TRUE,,,,established integration method
0011O00002NdtcI,Cascadia Healthcare,Customer,High,0.01,ENT,TRUE,,TRUE,,established integration method
0015Y000032IrDG,Yugo,Customer,Low,0,MM,TRUE,TRUE,TRUE,TRUE,established integration method
0015Y00004OFp8Z,JD Development Group Corp.,Customer,High,0.94,CAN,,,,,flat file or unidentified method
0011O00001ylRTW,"Tempus AI, Inc.",Customer,High,0.23,ENT,,,,TRUE,established integration method
0013000000qHw2X,Independent Electricity System Operator,Customer,Medium,0,CAN,TRUE,,TRUE,,established integration method
0015Y00002YYX8M,BetMGM,Customer,Low,0.02,MM,,,,,flat file or unidentified method
0011O00002E5EUh,Ryze Claim Solutions,Customer,High,0.62,FINS,,,,TRUE,established integration method
0011O00002GJNiG,Idaho Asphalt Supply Inc,Customer,Churning,0.1,MM,TRUE,,,,established integration method
0015Y00002wbZyn,VGC Group LP represented by 10972746 Canada Inc.,Customer,Medium,0.01,CAN,TRUE,,TRUE,TRUE,established integration method
0015Y00002yPrUz,ARRI Rental,Customer,Churning,0.63,MM,,,,,flat file or unidentified method
0011400001vaaqg,Tarana Wireless Inc,Customer,Low,0.27,MM,TRUE,,,TRUE,established integration method
0015Y00006Iew9t,Benchmark FR,Customer,Churning,0.64,SMB,,TRUE,,,established integration method
0011400001qzFEs,Jones-Onslow Electric Membership Corp.,Customer,Medium,0.72,SMB,,,,,flat file or unidentified method
0011400001s5ESp,"Pacers Basketball, LLC",Customer,High,0.4,MM,,,,,flat file or unidentified method
001a000001UxofA,Sygma Network Inc.,Customer,Low,0.03,SUB,TRUE,TRUE,,,established integration method
0011400001qzA1F,"Dulcich, Inc. dba Pacific Seafood Group",Customer,Medium,0.01,ENT,,,TRUE,,established integration method
0015Y00002ZvC4T,Storage Rentals of America,Customer,Medium,0.04,SUB,TRUE,,,,established integration method
0011400001s5C6k,Living Spaces Furniture,Customer,Low,0.01,ENT,TRUE,,,,established integration method
0015Y00003gwjQ1,Hope Media Group,Customer,Churning,0.23,MM,,,,TRUE,established integration method
0015Y000039L1uQ,Teya Services Ltd.,Customer,Low,0.06,MM,,TRUE,,,established integration method
0015Y00002Zv6Us,"Businesses United in Investing, Lending, and Development",Customer,High,0.22,MM,TRUE,TRUE,,TRUE,established integration method
0011O000027BTBM,Kodiak Cakes,Customer,Low,0.02,MM,,,TRUE,TRUE,established integration method
0011400001qzHws,Jewish Child Care Association of New York,Former Customer,Churning,,MM,,,,,flat file or unidentified method
0015Y00002wPeLR,"Imara, Inc.",Former Customer,Churning,,SMB,,,,,flat file or unidentified method
0011400001s4xIQ,Living Water International,Customer,Medium,0,MM,TRUE,,,,established integration method
0013000000qHwEG,"Salem Media Group, Inc.",Customer,Medium,0.03,MM,TRUE,,,,established integration method
001OO00000T8KKE,Clareo Dental Management Inc.,Customer,Low,0.01,CAN,,,,TRUE,established integration method
0015Y00002xFAWm,Lactanet,Customer,Medium,0.32,CAN,,,,,flat file or unidentified method
0013000000qHwYp,Legal Aid Society,Customer,Medium,0.02,ENT,,,TRUE,,established integration method
0015Y00002ZuwfX,Mission Critical Electronics LLC,Customer,Medium,0.05,MM,,TRUE,,,established integration method
001OO0000098spF,PT Kita Bisa Indonesia,Customer,High,,Intl,,,,,flat file or unidentified method
0011O000022K2Y6,Attane,Former Customer,Churning,,SMB,,,,,flat file or unidentified method
0013000000ziVwM,AGC Glass Company North America,Former Customer,Churning,,Intl,,,,,flat file or unidentified method
0011400001qzNIxAAM,"Foley, Incorporated",Customer,Low,,ENT,,,,,flat file or unidentified method
0011O00001zxm0x,SnapLogic,Former Customer,Churning,,MM,,,,TRUE,established integration method
0011O00002GYagt,Apex Service Partners,Former Customer,Churning,,SMB,,TRUE,,,established integration method
0011O00002G3YQl,Gargle,Former Customer,Churning,,SMB,,,,,flat file or unidentified method
0011O0000250Ymd,Nikola Corporation,Former Customer,Churning,,MM,,,,TRUE,established integration method
0011400001s5D9W,"Construction Forms, Inc.",Former Customer,Churning,,MM,,,,,flat file or unidentified method
0011O00002HiIIW,Silver Hotel Group,Customer,Low,,CAN,,,,,flat file or unidentified method
0011400001s4wvnAAA,Conservation Legacy,Customer,Low,,MM,,,,,flat file or unidentified method
0011O000024zdmh,Green Thumb Industries LLC,Former Customer,Churning,,ENT,TRUE,,,,established integration method
0015Y00002lJzD6,Hello Bello,Former Customer,Churning,,MM,,,,,flat file or unidentified method
0011O0000241twx,City of Edmonton Library Board,Former Customer,Churning,,CAN,,,,,flat file or unidentified method
0011O00002519dR,Carbon Lighthouse,Former Customer,High,,MM,,,,,flat file or unidentified method
0015Y00002g1uw3,Web Presence In China,Former Customer,Low,,CAN,,,,,flat file or unidentified method
0011400001ikXOr,"Global DATA Systems, Inc.",Former Customer,Churning,,MM,,,,TRUE,established integration method
0011400001pYR0L,United Response,Former Customer,High,,UK,,,,,flat file or unidentified method
0011O00002VPBaa,Boundless Bio Inc.,Former Customer,Churning,,SMB,,,,,flat file or unidentified method
0011400001rM7vf,GetSmarter,Former Customer,Churning,,Intl,,,,,flat file or unidentified method
0011O00002BSulH,SRS Acquiom Holdings LLC,Former Customer,Churning,,FINS,TRUE,,,,established integration method
0015Y00002uN3gf,Gresham Technologies (UK) Limited,Former Customer,Churning,,UK,,,,TRUE,established integration method
0015Y00004T7nLK,Bam Interbuild,Customer,Medium,,Intl,TRUE,TRUE,TRUE,,established integration method
0011O000022KOY2,WorkTango,Former Customer,Churning,,CAN,,,,TRUE,established integration method
0011400001s4wvs,Consumer Bankers Association,Customer,Low,0.86,SMB,,,,TRUE,established integration method
0011O00002Ht3Zx,"Stride Bank, N.A.",Customer,Low,0,FINS,TRUE,,,,established integration method
0011O000027BprD,"In-Place Machining Company, LLC",Customer,Low,0.09,MM,TRUE,,,TRUE,established integration method
0011O00002ErC47,Diamond Estates Wines & Spirits Ltd,Customer,High,0.05,CAN,,,,,flat file or unidentified method
0011O000021aZpB,Aurora Plastics,Customer,High,0.05,MM,TRUE,,,,established integration method
0011O00002GJNUT,VertexOne,Customer,Medium,0.02,MM,,TRUE,,,established integration method
0011400001tFH5e,EG Workforce Solutions,Customer,Low,0.76,SMB,TRUE,,,,established integration method
001OO000001I6fv,Direct Waste Services,Customer,Low,0.14,SMB,,,,,flat file or unidentified method
0011O000022Hf0i,"Quotelab, LLC, d/b/a MediaAlpha",Customer,High,0.04,MM,,,,TRUE,established integration method
0015Y00003Ymo8j,Watchmaker Genomics,Customer,Churning,0.88,SMB,,,,,flat file or unidentified method
0011400001qzH3M,State Industrial Products Corp.,Customer,Medium,0.22,MM,TRUE,,,,established integration method
0011O00002FafLQ,CIBC Bancorp USA Inc.,Customer,Low,0.41,ENT,,,,,flat file or unidentified method
0011400001rLBXB,Embark Student Corp.,Customer,Low,0.03,CAN,,,,,flat file or unidentified method
001a000001YLjf7,CLM Mortgage,Customer,High,0.7,FINS,,,,,flat file or unidentified method
0011400001eefwK,Viapath,Customer,Churning,0.08,MM,TRUE,TRUE,,TRUE,established integration method
0011O0000241tuQ,Smith and Howard Advisory LLC,Customer,Low,0.12,MM,,,,TRUE,established integration method
0015Y000060Nye9,Daiwa House Modular Europe Jan Snel B.V.,Customer,High,0.69,Intl,,,,,flat file or unidentified method
0011O00002FFk6p,Lambda Legal,Customer,Medium,0.03,MM,,TRUE,,,established integration method
0011O00002VPHV6,Building Hope,Customer,Medium,0.49,FINS,,,,TRUE,established integration method
0011O00002BQANc,Conuma Resources Ltd.,Customer,Low,0.11,CAN,TRUE,,,,established integration method
0011400001qzK0V,"Sauk Prairie Healthcare, Inc.",Customer,Churning,0.11,MM,TRUE,,,,established integration method
0011O00002UUknO,Knape & Vogt Manufacturing Co. and its subsidiaries,Customer,High,0.32,ENT,TRUE,,,,established integration method
0011O00002G21bB,OCL Group Inc.,Customer,Low,0.04,CAN,,,,,flat file or unidentified method
0011400001s5DUK,"Rothman National Management Services  Organization, LLC",Customer,High,,ENT,,,,TRUE,established integration method
0015Y00004OFkyM,Acme Hospitality,Customer,Medium,0.04,SMB,,,,TRUE,established integration method
0011O00001zxNdi,Kuali,Customer,High,0.29,SMB,,,,TRUE,established integration method
0015Y00003Yl9u2,"Power Factors, LLC",Customer,High,0.52,MM,,,,TRUE,established integration method
0011400001lGRbY,"GPS Hospitality, LLC.",Customer,Low,0.09,ENT,TRUE,,,TRUE,established integration method
0011400001khqni,Canal Insurance Co.,Customer,Low,0.13,FINS,TRUE,,,,established integration method
0015Y00002Zuw0h,The Signorelli Company,Customer,Low,0,FINS,,TRUE,TRUE,,established integration method
0015Y000056ipJY,Ruby's Place,Customer,Churning,0.9,SMB,,,,TRUE,established integration method
0011O000021KPBa,The Trade Group,Former Customer,Churning,,MM,TRUE,TRUE,,,established integration method
0015Y00004zjrDy,Maritime Partners,Customer,Low,,SMB,,,,TRUE,established integration method
0011400001pYQdjAAG,Cleshar,Customer,Low,,UK,,,,,flat file or unidentified method
0011O00002Bs9c8,Denver Health Foundation,Former Customer,Churning,,ENT,,,,,flat file or unidentified method
0011O00002IOCtC,Planned Parenthood of Orange and San Bernardino Counties,Former Customer,Churning,,SMB,,,,,flat file or unidentified method
0011400001vbmY0,Mondo.com,Former Customer,Medium,,SUB,,,,,flat file or unidentified method
0015Y00003LYaym,The Ritchie Group,Former Customer,Churning,,FINS,,,,,flat file or unidentified method
001OO00000OWFhH,Joylux,Former Customer,Churning,,SMB,,,TRUE,,established integration method
0011400001rN4ea,Oblate School of Theology,Customer,High,,SMB,TRUE,,,,established integration method
0011O00002ErCD9QAN,Ontario Provincial Police,Customer,Medium,,SUB,,,,,flat file or unidentified method
001OO00000P1OTW,"New Way Schools, Inc.",Customer,High,,SMB,,,,,flat file or unidentified method
0015Y00004zhL6P,DRI Healthcare Management Company Inc.,Customer,High,,FINS,,,,TRUE,established integration method
0011O000022GpvO,San Francisco SPCA,Former Customer,High,,MM,,,,TRUE,established integration method
0011O00001zwwSq,Dodge Data & Analytics LLC,Former Customer,Churning,,MM,,,,TRUE,established integration method
001OO00000RkFSu,VMT Global,Customer,Low,,Intl,,,TRUE,,established integration method
0011O00002GJNMM,Castle Metals,Former Customer,High,,MM,,,,,flat file or unidentified method
0011O000021LC3E,Seismic Software Inc.,Former Customer,Churning,,ENT,TRUE,,,TRUE,established integration method
0015Y00002uNR16,Lodders Solicitors LLP,Customer,Low,,UK,,,,,flat file or unidentified method
0011O00002GK96u,Karora Resources Inc,Former Customer,Churning,,CAN,,,,,flat file or unidentified method
0015Y00002yQ4pV,Shape Properties,Former Customer,High,,CAN,,,,,flat file or unidentified method
0011400001qz9By,MVP Staffing,Former Customer,Churning,,MM,,,,,flat file or unidentified method
0011O00002Ambwg,Christian Living Communities,Former Customer,High,,MM,,,,,flat file or unidentified method
0011400001rM53n,Risk Strategies Company,Former Customer,Churning,,ENT,,,,,flat file or unidentified method
0011O000022KqUa,AAFCPA's,Customer,Medium,0.09,MM,,,,TRUE,established integration method
0011O00002Ambou,Burger & Lobster Restaurant Group,Customer,Churning,0.93,UK,,,,,flat file or unidentified method
0011O000022JH7k,Innotech-Execaire Aviation Group,Customer,Medium,0,CAN,TRUE,,,,established integration method
0011400001s5DSf,DMC Mining Services Ltd.,Customer,Medium,0.11,CAN,TRUE,,,,established integration method
0011400001bQ11X,Ascendis Consumer Brands,Customer,Low,0.38,Intl,,,,,flat file or unidentified method
0011O00002PtIh0,eMolecules,Customer,Low,0.02,MM,,,,TRUE,established integration method
0011O00002GJFlf,Hydac Technology Corporation,Customer,Low,0.02,MM,TRUE,,,,established integration method
0011O00002GJRvg,Dimensions,Customer,Low,0.06,UK,,,,,flat file or unidentified method
0011O00002HrHFJ,Loopstra Nixon LLP,Customer,Medium,0.12,CAN,TRUE,,,,established integration method
0015Y00004VCDmt,Advantice Health,Customer,Medium,0.01,SMB,,TRUE,,,established integration method
001a000001VkS3B,Crete Carrier Corporation/Hunt Transportation Inc.,Customer,Low,0.04,ENT,TRUE,,,,established integration method
0011400001udSEt,Achievers Solutions Inc,Customer,Medium,0.12,CAN,,,,TRUE,established integration method
001a000001XTUGl,"SLT Lending SPV, Inc.",Customer,Medium,0.19,MM,,,TRUE,,established integration method
0015Y00003zfkZL,Premium Tobacco International DMCC.,Customer,Low,0,Intl,TRUE,TRUE,TRUE,TRUE,established integration method
001OO000008ZcaT,Apprenti,Customer,Churning,0.3,SMB,,,,TRUE,established integration method
0011400001e30sf,Armstrong International Inc.,Customer,Low,0.32,ENT,TRUE,,,,established integration method
0011400001pYR1R,Royal Society,Customer,Low,0,UK,,TRUE,TRUE,,established integration method
0015Y00002Zv7RM,HighVista Strategies LLC,Customer,Medium,0.1,FINS,,,,TRUE,established integration method
001a000001Uxn1Q,Goodwill Industries of San Antonio,Customer,Low,0.22,MM,,,,,flat file or unidentified method
0011O00001zxNSa,Kodiak Building Partners,Customer,Medium,0.02,ENT,,,TRUE,TRUE,established integration method
0011O00002Ccpgw,All One Credit Union,Customer,Low,0.01,FINS,TRUE,,,,established integration method
0011O00002GJR6i,Global Alliance for Improved Nutrition,Customer,Medium,0,Intl,,TRUE,,TRUE,established integration method
0011O00002OLyy2,"Sea Research Foundation, Inc.",Customer,Low,0.09,SUB,,TRUE,TRUE,,established integration method
0011400001qz8nM,"Integrated Supply Network, LLC",Customer,Medium,0.19,MM,TRUE,,,,established integration method
0011400001qzCW9,"Central Motor Wheel OF America, Inc. (CMWA)",Customer,Low,0.13,MM,,,TRUE,,established integration method
0011O000024zfPc,"Identity Automation , LLC.",Former Customer,Churning,,MM,,,,,flat file or unidentified method
0015Y00002mn2MV,Savanta Group Limited,Former Customer,Churning,,UK,,,,,flat file or unidentified method
0015Y00002wagSo,Automarket Nigeria Limited,Former Customer,High,,Intl,TRUE,,,,established integration method
001OO00000Uq57DYAR,S.F.E Group,Customer,High,,SMB,,,,,flat file or unidentified method
 0011O000024yVdT,,,,,,TRUE,,,,established integration method
0011O00001zwYQR,COPE Health Solutions,Former Customer,High,,SMB,,,,TRUE,established integration method
0011400001mtLyR,DC Central Kitchen,Former Customer,Churning,,MM,,,,TRUE,established integration method
0015Y00002uMhTY,"Ionic Partners, LLC and its affiliates",Former Customer,High,,SMB,TRUE,,TRUE,,established integration method
0011400001mHKVL,RSI Communities,Former Customer,Churning,,FINS,,,,,flat file or unidentified method
0011400001aDXhW,The Riverside Co.,Former Customer,Churning,,ENT,,,,,flat file or unidentified method
0015Y00002yPdAF,BC College of Nurses and Midwives,Customer,Medium,,CAN,,,,,flat file or unidentified method
001a000001UxoxA,Wilfrid Laurier University,Former Customer,Churning,,CAN,,,,,flat file or unidentified method
0011400001qzPHf,"Neovia Logistics Services, LLC",Former Customer,Churning,,ENT,,,,,flat file or unidentified method
0011O00002IOCvz,Sran Family Orchards Inc,Former Customer,Churning,,SMB,,,,,flat file or unidentified method
0011400001qzIGyAAM,"Innovairre Communications, LLC.",Customer,Low,,ENT,,,,,flat file or unidentified method
0015Y00004T7XeHQAV,Chancerygate,Customer,Low,,UK,,,,TRUE,established integration method
001OO000009VbkV,"Ser Familia, Inc.",Customer,Medium,0.64,SMB,,,,TRUE,established integration method
0011O00002UUkp9,Jones Healthcare Group,Customer,Medium,0.12,CAN,TRUE,,,,established integration method
0011O00002ALz3r,Da-Lee Group,Customer,Medium,0.04,CAN,TRUE,,TRUE,,established integration method
0011400001vZdMi,ACERTUS,Customer,Low,0,MM,TRUE,TRUE,TRUE,TRUE,established integration method
0015Y00002ZuBco,Elevate Sports Ventures Inc,Customer,Medium,0.14,MM,,,,TRUE,established integration method
0015Y00003YlDin,Schuberg Philis B.V.,Customer,Low,0.01,Intl,TRUE,,TRUE,,established integration method
0011O00002HsoiR,Eagle Eye,Customer,Low,0.02,UK,,,TRUE,TRUE,established integration method
0011O00002Kwgkl,Avista Senior Living,Customer,High,0.06,MM,,,,,flat file or unidentified method
0011O00001ykWeN,"Sprout Social, Inc.",Customer,High,0.64,MM,TRUE,,,TRUE,established integration method
0011400001s5CSY,BioBridge Global,Customer,Low,0.04,MM,,,,TRUE,established integration method
0015Y00002uN3nC,OEG Energy Group Limited,Customer,Low,0.02,UK,TRUE,TRUE,,,established integration method
0011400001lGRZ1,Worker's Safety and Compensation Commission,Customer,Medium,0,CAN,TRUE,,,,established integration method
0011O00001ynqTc,Cayman Chemical Company,Customer,Low,0.07,MM,TRUE,,,,established integration method
0011O00002GJFJw,Wildhorse Resort & Casino,Customer,Medium,0.53,MM,TRUE,,,,established integration method
001OO000006asL4,Fieldsheer Apparel Technologies,Customer,Low,0.02,SMB,,,,TRUE,established integration method
0011400001eegKX,"MasTec Network Solutions, LLC",Customer,Medium,0,ENT,,,,,flat file or unidentified method
0011O000024ym0U,National Association of Social Workers,Customer,Low,,SMB,,,,,flat file or unidentified method
0011O00002SpgPf,SuperAwesome Trading Limited,Former Customer,Churning,,UK,TRUE,,,,established integration method
001OO00000C9ScU,NovoHydrogen Inc.,Customer,High,0.88,SMB,,,,TRUE,established integration method
0011O00002Hq4NS,Vezeeta.com,Former Customer,Churning,,Intl,,,,,flat file or unidentified method
001a000001XRlOQ,Canadian Football League,Former Customer,Churning,,CAN,TRUE,,,,established integration method
001OO00000WBwcfYAD,Verde,Customer,Low,,SMB,,,,TRUE,established integration method
0011O00002Ddp7j,Goodwill of Western Missouri & Eastern  Kansas,Former Customer,High,,MM,TRUE,,,,established integration method
0015Y00003h0XLT,Golden Bear Equities,Former Customer,Churning,,FINS,,,,,flat file or unidentified method
0011O0000250VOc,John Adams Academy,Former Customer,Churning,,MM,TRUE,,,TRUE,established integration method
0011400001ckgh7,Samuel Merritt University,Former Customer,Churning,,MM,,,,,flat file or unidentified method
0011O00002AO3MF,Heritage Ministries Management Company,Former Customer,Churning,,MM,,,,,flat file or unidentified method
0013000000qIK1m,Nordco Inc,Former Customer,Churning,,SUB,TRUE,,,,established integration method
0015Y00002Zub5D,Kettle and Fire Inc,Customer,Low,,SMB,TRUE,,,TRUE,established integration method
0015Y00002Zun2YQAR,Hillside Custom LLC,Customer,Low,,SMB,,,,,flat file or unidentified method
001a000001M9iOV,"Satterfield & Pontikes Construction, Inc.",Former Customer,Churning,,MM,,,,,flat file or unidentified method
0015Y00002njNBo,Tribute Technology,Former Customer,Churning,,SUB,,,,,flat file or unidentified method
0011400001jHi1W,"Cardinal Cushing Centers, Inc.",Former Customer,Churning,,MM,TRUE,,,,established integration method
001a000001N9aT2,Morgan Stanley Services Group Inc.,Former Customer,High,,ENT,TRUE,,,,established integration method
0015Y00002rn81j,Care Design New York,Former Customer,Churning,,MM,,TRUE,,,established integration method
0011400001s5Dfr,"Ensign-Bickford Industries, Inc.",Customer,Medium,0.01,ENT,,TRUE,TRUE,,established integration method
0011400001qzN8V,International Republican Institute,Customer,Low,0.09,MM,TRUE,,TRUE,,established integration method
0011400001s5E4H,Gold's Holding Corp.,Customer,Medium,0.58,ENT,,,,,flat file or unidentified method
0011400001jq6ot,Santee Cooper,Customer,High,0.26,ENT,TRUE,,,,established integration method
0011O00001zwj8L,ADDMAN Engineering,Customer,Low,0.11,MM,,,,,flat file or unidentified method
0015Y00004eCLRY,EfficiencyOne,Customer,Low,0.02,CAN,,,TRUE,TRUE,established integration method
0011O00002FacJq,Clark Capital Management Group,Customer,Low,0.22,FINS,,,,TRUE,established integration method
0011O000022JNZM,"Boulder Associates, A Professional Corp",Customer,Low,0.15,MM,,,,,flat file or unidentified method
0015Y00002q05Wk,"Woodstock Sterile Solutions, Inc.",Customer,Medium,0.53,MM,,,,,flat file or unidentified method
0011O00002GJNar,Aerogen Limited,Customer,Low,0.03,UK,,TRUE,TRUE,,established integration method
0011O00001zwia2,"Continental Properties Company, Inc.",Customer,Low,0.05,FINS,,,TRUE,,established integration method
0011400001s5EOv,Homewood Retirement Centers,Customer,Low,0.13,ENT,TRUE,,,,established integration method
0011400001hFDMJ,YMCA of the Triangle,Customer,Medium,0.07,SMB,,,,TRUE,established integration method
001a000001LNMXY,"HKS, Inc.",Customer,Medium,0.12,ENT,TRUE,,TRUE,,established integration method
0013000000qHwxJ,"California Dairies, Inc.",Customer,High,0.73,MM,,TRUE,,,established integration method
0015Y00003Di7yE,Scancom Ltd (MTN Ghana),Customer,Low,0,Intl,TRUE,,,,established integration method
0015Y00004OFpRi,Troilus Gold,Customer,Low,0.71,CAN,TRUE,,,,established integration method
0011400001qzGS1,"Green Courte Residential Holdings, LLC",Customer,Medium,0,ENT,TRUE,,TRUE,,established integration method
0011O000024zcXs,THC Sales and Marketing LLC,Customer,Low,0.11,ENT,,,TRUE,,established integration method
0013000000qHxjp,"T-Mobile USA, Inc.",Former Customer,Churning,,ENT,,,,,flat file or unidentified method
0015Y00002Zv23b,Mulligan Funding LLC,Former Customer,Churning,,FINS,,,,,flat file or unidentified method
001a0000016heX8,"Orrick, Herrington & Sutcliffe LLP",Customer,Low,,ENT,TRUE,,,,established integration method
0011O00002VQe4W,Parkside Psychiatric Hospital & Clinic,Customer,Churning,0.92,MM,,,,TRUE,established integration method
0011O00002ErX6I,Elevation Pictures Corp.,Customer,Low,0.23,CAN,,,,TRUE,established integration method
001OO00000BLHSEYA5,Tepper Sports & Entertainment,Customer,Low,,MM,TRUE,,,,established integration method
0011400001oVfJX,"nCino, Inc.",Former Customer,Churning,,ENT,TRUE,,,TRUE,established integration method
0011400001gxQVV,Tennessee State University,Former Customer,Churning,,ENT,TRUE,,,,established integration method
0011O00002GJN9A,Elgen Manufacturing Company Inc,Former Customer,Churning,,SMB,TRUE,,,,established integration method
0011400001qzP1oAAE,The First National Bank in Sioux Falls,Customer,Low,,FINS,,,,,flat file or unidentified method
0015Y00004VCxHi,"Public Policy Holding Company, Inc.",Former Customer,Churning,,FINS,,TRUE,,,established integration method
0011O00001xRryi,INTEGRATION INNOVATION,Customer,Low,,SUB,,,TRUE,,established integration method
0011400001e2oE0,MRA Associated USA LLC,Former Customer,Churning,,FINS,,,,,flat file or unidentified method
0011O00001zxCQo,Points of Light,Former Customer,Churning,,MM,TRUE,,,,established integration method
0011400001s5CEI,Maple Reinders Group Ltd,Customer,Low,,CAN,,,TRUE,,established integration method
0011O00001xSGdr,Landsea Homes Corporation,Former Customer,Churning,,MM,TRUE,,TRUE,,established integration method
0011O00002XgDne,Altron Digital Business a division of Altron TMT (Pty) Ltd,Customer,Low,,Intl,,,,,flat file or unidentified method
0011O00002OMwTd,Nlets,Customer,High,,SMB,,,,TRUE,established integration method
001OO00000SxDCQ,ResponsibleSteel Ltd,Customer,Low,,Intl,,,TRUE,,established integration method
0013000000qHxeA,"Fred's, Inc.",Former Customer,Churning,,ENT,,,,,flat file or unidentified method
001OO00000NSfO0,iplicit,Customer,High,,UK,,,,,flat file or unidentified method
0011O000029DFVC,Interior Define,Former Customer,Churning,,SMB,,,,,flat file or unidentified method
001OO00000VuU6j,Amborella LLC,Customer,Low,,SMB,,,,TRUE,established integration method
0011O00002Ndmxb,Keli Network Inc dba Jellysmack,Former Customer,Churning,,MM,,,,,flat file or unidentified method
001a000001VkS6z,Employers Mutual Casualty Company,Former Customer,Churning,,ENT,,,,,flat file or unidentified method
0011400001pYP2a,Addison Lee Group,Former Customer,High,,UK,TRUE,,,,established integration method
0011O00002420R2,Rti,Former Customer,Churning,,MM,,,,,flat file or unidentified method
0015Y00002Zv7dF,Rodeo Dental & Orthodontics Inc,Former Customer,Churning,,MM,,TRUE,,,established integration method
0015Y00004OFlJY,"Kenan-Flagler Business School Executive Education, LLC",Former Customer,High,,ENT,,,,,flat file or unidentified method
0015Y00002wQ3t4,Zone & Company Software Consulting LLC,Former Customer,Churning,,MM,,TRUE,,TRUE,established integration method
0011400001qzHeh,Adapt Community Network,Customer,Medium,,MM,,,,TRUE,established integration method
0011O0000250Dpu,High Sierra Industries,Former Customer,Churning,,SMB,TRUE,,,,established integration method
0015Y00002ZugUG,Chaffetz Lindsey LLP,Customer,Low,,SMB,,,,,flat file or unidentified method
0011O00002Ddo6H,Propane Education & Research Council,Customer,Low,0.1,MM,,,TRUE,TRUE,established integration method
0011O00002IOCt8,Higher Ground Education Inc.,Customer,High,0.11,ENT,,,TRUE,TRUE,established integration method
001OO00000FDeqI,"Solid Blend Technologies, Inc.",Customer,Churning,0.27,SMB,TRUE,,,,established integration method
0011O00002GJBJr,TwelveStone Health Partners,Customer,Low,0.05,MM,,,TRUE,TRUE,established integration method
0011O00002OLsNq,Financial Plus Credit Union,Customer,Low,0.03,FINS,,,,,flat file or unidentified method
001OO00000JgNTg,QW Transport,Customer,Medium,0.15,SMB,,TRUE,,TRUE,established integration method
0015Y00003DiwJ3,Meal Ticket,Customer,Churning,0.9,SUB,,,,TRUE,established integration method
0011400001vd3fQ,"A-LIGN Compliance & Security, Inc.",Customer,Low,0.02,MM,,,,TRUE,established integration method
0015Y00003DlfMU,Israel on Campus Coalition,Customer,High,0.87,SMB,,,,TRUE,established integration method
0011O00002Mj1u8,Krause Group Ltd.,Customer,High,0.31,SMB,TRUE,,,,established integration method
0015Y000039L1pa,Volotea S.L.,Customer,High,0.05,Intl,TRUE,TRUE,TRUE,,established integration method
0011400001qzFmy,Group Medical Services,Customer,Low,0.04,CAN,,,,,flat file or unidentified method
0011400001s5CTl,Beem Credit Union,Customer,High,0.69,CAN,TRUE,,,,established integration method
0011O0000250sH6,CreateTO,Customer,Medium,0.04,CAN,TRUE,,,,established integration method
0015Y00002YbLOo,Thomas James Homes,Customer,Medium,0.01,MM,TRUE,TRUE,,TRUE,established integration method
0011400001qzHOi,"Diamond Hill Capital Management, Inc.",Customer,High,0.03,FINS,TRUE,,,TRUE,established integration method
0015Y00003zeet0,GoodShape,Former Customer,Churning,,Intl,,,,TRUE,established integration method
0015Y00002xF8EN,True Terpenes,Former Customer,Churning,,SMB,,,,,flat file or unidentified method
0011400001qzA47,SouthWest Water Company,Customer,Medium,0.38,MM,,TRUE,TRUE,,established integration method
0011400001s5D8z,"American Precision Industries, Inc.",Customer,Low,0.01,SUB,,,TRUE,,established integration method
0015Y00002lKAOU,Battle Green Holdings,Former Customer,Churning,,SMB,,,,TRUE,established integration method
0011O00002IOCvV,Foundation for the Global Compact,Former Customer,Churning,,SMB,,,,,flat file or unidentified method
0011400001pYP1y,Care UK Community Partnerships Ltd.,Former Customer,Churning,,UK,,,,,flat file or unidentified method
0011O00002U7WwX,CM Capital,Customer,High,,FINS,,,,TRUE,established integration method
0011O000029DExZ,Uniloy,Customer,Low,,ENT,,,,,flat file or unidentified method
001OO00000aKyHrYAK,"Specialty Inspectors,",Customer,Low,,SMB,,,,,flat file or unidentified method
0011400001fOEZk,VastNed Retail N.V.,Former Customer,Churning,,Intl,,,,,flat file or unidentified method
001OO00000FLw0OYAT,SYNLAB Holding Deutschland GmbH,Customer,Low,,Intl,,,,,flat file or unidentified method
0015Y00002ZvHoj,Clifty Group LLC,Customer,Low,,MM,TRUE,,TRUE,,established integration method
0015Y00002ZvI5Z,"Canary Connect, Inc",Former Customer,Churning,,SMB,,,,,flat file or unidentified method
0011400001hx0Xe,"ONE Technologies, LLC",Former Customer,Churning,,MM,,,,,flat file or unidentified method
0011O00002DeIIb,Specialty Dental Brands,Former Customer,Churning,,SMB,,,,,flat file or unidentified method
0015Y00002ci1dGQAQ,Grenada Co-Operative Bank Limited,Customer,Low,,Intl,,,,,flat file or unidentified method
0011O00002GK975,Blanche River Health,Customer,Medium,,CAN,,,TRUE,,established integration method
0011O00002G1Ldk,"Standard Solar, Inc.",Customer,Low,,MM,,,,,flat file or unidentified method
0015Y00002yQ65l,Aztecs,Customer,Churning,,MM,,,,TRUE,established integration method
0011O000024ym2W,Frontier Technology Inc.,Former Customer,Churning,,MM,TRUE,,,,established integration method
0015Y000038x1uIQAQ,Limitless Male,Customer,Low,,SMB,,,,,flat file or unidentified method
0011400001ckgUk,Archdiocese of Galveston-Houston,Former Customer,Churning,,MM,,,,,flat file or unidentified method
0015Y00004OFklG,Reno Aces-SK Baseball LLC,Customer,Low,,SMB,,,,,flat file or unidentified method
0015Y00002uMa3I,Relay medical,Prospect,Low,,CAN,,,,,flat file or unidentified method
0011400001qzFLT,"Van De Pol Enterprises, Inc.",Former Customer,Churning,,MM,,,,,flat file or unidentified method
0015Y00002ZuRGV,Orthodontic Partners,Customer,Low,0,SMB,TRUE,TRUE,TRUE,TRUE,established integration method
0011400001qz84b,"Reinhart Foodservice, L.L.C.",Customer,Low,0.12,SUB,,,,,flat file or unidentified method
0015Y00004zgD3P,Jupiter Power LLC,Customer,Churning,0.99,SMB,,TRUE,,TRUE,established integration method
0011O00002GJRAp,National Trust For Historic Preservation in the United States,Customer,Low,0.01,MM,,TRUE,,,established integration method
0011O000022Hwsl,Landvest Inc,Customer,High,0.18,FINS,,,,TRUE,established integration method
0015Y00004ntiVW,Leinco Technologies,Customer,Low,0.26,SMB,,,,,flat file or unidentified method
0015Y00005J9TOF,NEOGOV,Customer,Medium,0.08,MM,TRUE,,,TRUE,established integration method
0015Y00002xGCXT,Resolution Economics LLC,Customer,Low,0.03,MM,,,,TRUE,established integration method
001OO00000O9QDb,Compass CHC,Customer,Low,0.65,UK,,,,,flat file or unidentified method
0015Y00003DhxfK,Orion180 Insurance,Customer,Low,0,FINS,,,,TRUE,established integration method
0011O000022Jfcy,YWCA Seattle | King | Snohomish,Customer,High,0.09,MM,,,,TRUE,established integration method
0011400001s5Cfu,Navigant Credit Union,Customer,Low,0.03,FINS,,,TRUE,,established integration method
0011O00002PtCgg,Svante Inc.,Customer,Low,0.13,CAN,TRUE,,,TRUE,established integration method
0011O00002IxAwQ,TriMech,Customer,Low,0,MM,TRUE,,,TRUE,established integration method
0015Y00002rnHA4,"Community Concepts, Inc",Customer,Medium,0.16,SMB,TRUE,,,,established integration method
0015Y00002mmFiF,Pacaso,Customer,Low,0.03,FINS,TRUE,,,TRUE,established integration method
0015Y00002rox1d,Redberry Canada Holdings Ltd.,Customer,Low,0.01,CAN,,,,TRUE,established integration method
0011O00002GJPo6,Wireless Logic Limited,Customer,High,0.94,UK,,TRUE,,,established integration method
0015Y00002uNTQ3,Byways Limited,Customer,Medium,0.01,UK,,,,,flat file or unidentified method
0011O00002GKAui,Cam Clark Ford Sales Ltd,Former Customer,High,,CAN,TRUE,,,,established integration method
0011O000029ZKMs,Crew Carwash,Customer,Medium,0.05,MM,,,,,flat file or unidentified method
0011O00002QZ4Tg,SFP Pointe-Noire,Customer,Low,0,CAN,TRUE,,TRUE,TRUE,established integration method
0015Y00004tzU52,Ironclad Environmental Solutions,Former Customer,Churning,,SMB,,TRUE,,,established integration method
0011400001dPzrU,Delaware Consulting,Partner,Low,,ENT,,,,,flat file or unidentified method
0011O00002NceYX,Automox,Former Customer,Churning,,MM,,,,TRUE,established integration method
0011O00002SJQwa,Perfection Pet Foods,Former Customer,High,,SMB,TRUE,,,,established integration method
0011O000024zoIT,Vector Solutions,Former Customer,Churning,,MM,,,,,flat file or unidentified method
0011O00001zwzeB,Reged Inc,Former Customer,Churning,,MM,,,,,flat file or unidentified method
0015Y00002xEoi3,Zaum Studio Ltd.,Former Customer,High,,UK,,,,,flat file or unidentified method
001OO00000YIcHmYAL,"The Community Foundation, Inc.",Customer,Low,,SMB,,,,,flat file or unidentified method
0015Y00002ZvHCc,The Branson School,Customer,Low,,MM,,,TRUE,,established integration method
0013000000qI0aK,Enterprise Bank and Trust Company,Former Customer,Churning,,FINS,TRUE,,,,established integration method
0011400001ZXr7T,Wolf-Gordon Inc.,Former Customer,High,,MM,,,,,flat file or unidentified method
0011O00002OLxi4QAD,Louisiana Association for the Blind Inc,Customer,Low,,SMB,,,,,flat file or unidentified method
001a000001F70PA,Morpho Detection,Former Customer,Churning,,SMB,,,,,flat file or unidentified method
001OO00000B4Qbt,AcadeMedia GmbH,Customer,Churning,,Intl,,,,,flat file or unidentified method
0011400001pYQKq,Bruntwood,Former Customer,Churning,,UK,,,,,flat file or unidentified method
0013000000qHvpQ,Stearns Weaver Miller,Customer,Medium,,MM,TRUE,,,,established integration method
0011O00002GJJHP,ONE Campaign,Former Customer,Churning,,SMB,,,,TRUE,established integration method
0011O00002VNWrY,Triple Flag Precious Metals,Former Customer,Churning,,CAN,,,,,flat file or unidentified method
0015Y00002ZunjV,OfficeSpace Software Inc,Former Customer,Churning,,MM,,,,TRUE,established integration method
001a000001IK7my,Geoquest USA,Former Customer,Churning,,MM,TRUE,,,,established integration method
0015Y00002ZvHWn,connectRN Inc,Former Customer,Churning,,MM,,,,,flat file or unidentified method
0013000000qHxKN,COCA-COLA Bottling CO. Consolidated,Customer,Low,,SUB,,,,,flat file or unidentified method
0015Y00002wcEoq,"Electra.aero, Inc.",Customer,Low,0.1,SMB,,,,,flat file or unidentified method
0011O00002IPWzc,HK Travel Centres L.P.,Customer,Low,0.06,CAN,TRUE,,,TRUE,established integration method
0015Y00004T7V7m,"Cogir Services USA, Inc.",Customer,Low,0.01,FINS,,TRUE,,,established integration method
0011400001qzEbC,"Burgerbusters, Inc.",Customer,Low,0.23,MM,TRUE,,,,established integration method
0011O00002UUjqk,Newfront Insurance,Customer,High,0.03,FINS,TRUE,,,TRUE,established integration method
001OO00000HSKJt,"Bellwether Education Partners, Inc.",Customer,Low,0.06,SMB,,,,TRUE,established integration method
0011O00002FFj3l,Meridian Group International,Customer,High,0.64,MM,,,,,flat file or unidentified method
0011O00001xSAwM,Arcxis,Customer,Medium,0.33,SMB,,TRUE,,,established integration method
0011400001s5EVR,IntraHealth International Inc,Customer,Churning,0.7,MM,,,,,flat file or unidentified method
0011O000022JfkA,"Robbins Research International, Inc.",Customer,Low,0.07,MM,TRUE,,,,established integration method
0015Y00002moCte,Excision BioTherapeutics,Customer,High,0.93,SMB,,,,TRUE,established integration method
0011O00002AKQ1o,Summit Appliances- Felix Storch Division,Customer,High,0.03,MM,,,,TRUE,established integration method
0011O00001yofDv,"PetIQ, LLC",Customer,Low,0,ENT,TRUE,,,TRUE,established integration method
0011400001fNfb6,"Fase Realty, LLC",Customer,Medium,0.25,FINS,TRUE,,,,established integration method
0013000000qI0ZJ,"Associated Wholesale Grocers, Inc.",Customer,Low,0.07,ENT,TRUE,,TRUE,,established integration method
0011O000024ym0t,Rose Paving LLC,Customer,High,0.5,MM,,,,TRUE,established integration method
0011O00001yoCdr,Embold Federal Credit Union,Customer,Low,0.02,FINS,,,,,flat file or unidentified method
0015Y00003gxamo,Automotive Keys Group,Customer,Low,0.08,SMB,,,,TRUE,established integration method
0011400001eeg09,HMT LLC,Customer,Medium,0,MM,,TRUE,,,established integration method
0015Y00002ZuoWe,Droit Operating Company LLC,Customer,Low,0,MM,,,,TRUE,established integration method
001OO000007P8mL,AnalyticsIQ,Customer,Medium,0.72,SMB,,,,TRUE,established integration method
0015Y00003O7sx8,Kooyman BV,Customer,Medium,0.93,Intl,TRUE,,,,established integration method
0011O000022HqFt,Enthought Inc,Customer,Medium,0.15,SMB,,,,TRUE,established integration method
0011O00002G1LM8,Dragos,Customer,Low,0.01,MM,,,,TRUE,established integration method
0013000000qI0fI,"Pzena Investment Management, LLC.",Customer,Medium,0.42,FINS,,,,TRUE,established integration method
0011O00002RKM9F,Honorlock,Customer,High,0.2,MM,,,,TRUE,established integration method
0011400001udedl,McWhinney,Customer,Medium,0.4,FINS,TRUE,,,,established integration method
0013000000qHx1A,Patterson Belknap Webb & Tyler LLP,Customer,High,0.46,MM,,,TRUE,,established integration method
0011O00002HJWWD,Shield AI,Customer,Medium,0.01,MM,,,TRUE,,established integration method
0011O00002420aF,Oakworth Capital Bank,Customer,Low,0.05,FINS,TRUE,,,,established integration method
0015Y000049iw78,Digital Publishing AG,Customer,Low,0,Intl,,TRUE,,,established integration method
0015Y00002mm6A7,Xello,Customer,Low,0.75,CAN,,,,TRUE,established integration method
0015Y00002ySDB0,Barentz International BV,Customer,Medium,0.05,Intl,,,TRUE,,established integration method
0011400001pYSay,MOO,Former Customer,Churning,,UK,,,,TRUE,established integration method
0015Y000049jmSm,"Day 1 Academies, dba Bezos Academy",Former Customer,Churning,,SMB,,,,TRUE,established integration method
0011400001rLYKG,"Tennessee Football, LLC",Customer,Medium,0.1,MM,TRUE,,,TRUE,established integration method
001a000001Uxm1i,Amsoil Inc.,Customer,Low,0.03,MM,TRUE,,,,established integration method
0015Y000049kbao,Reserve Management Group,Customer,Low,0.01,SMB,TRUE,,,,established integration method
0011O00002GJQ6G,Discovery Senior Living Holdings LLC,Customer,Medium,0.03,ENT,TRUE,,TRUE,,established integration method
0015Y00002tDi1R,Atlas Copco Rental Europe NV,Former Customer,High,,Intl,,,,,flat file or unidentified method
0011400001iCsN3AAK,KGHM Polska Miedź S.A,Customer,Low,,Intl,,,,,flat file or unidentified method
001OO000001fR8i,Evero Energy,Customer,Medium,,SMB,,,TRUE,,established integration method
0015Y00002ZuV4R,Disc Medicine,Former Customer,Churning,,SMB,,,,TRUE,established integration method
0011O00002QZ4hZ,Sustainable Development Solutions Network,Former Customer,Churning,,SMB,,,,TRUE,established integration method
0011400001qzIkQ,Foam Fabricators Inc.,Former Customer,High,,SUB,TRUE,TRUE,,,established integration method
001a000001Uxo4CAAR,Forest County Potawatomi Community d/b/a Potawatomi Bingo Casino,Customer,Low,,ENT,,,,,flat file or unidentified method
0011O00002SphSz,Appfire,Former Customer,Churning,,MM,,,,,flat file or unidentified method
0013000000qHvY9,Republic Airways Holdings Inc.,Former Customer,Churning,,ENT,,,,,flat file or unidentified method
0011O000024z0T0QAI,Brightview Senior Living,Customer,Low,,ENT,,,TRUE,,established integration method
0015Y00004T7jUPQAZ,Kuros Biosciences AG,Customer,Low,,Intl,,,,,flat file or unidentified method
0011O00002ON1kC,Propel PLM Inc.,Former Customer,Churning,,SMB,,,,,flat file or unidentified method
0015Y00004OFUXv,"NewtekOne, Inc.",Customer,Churning,,FINS,,TRUE,,TRUE,established integration method
0011400001qzKEP,"Zentech Intermediate, Inc.",Customer,Low,,MM,,,,,flat file or unidentified method
0011O000024ycLHQAY,Ampirical Solutions,Customer,Low,,SUB,,,,,flat file or unidentified method
0011O00001xRqu2,"Securonix, Inc.",Former Customer,High,,MM,,,,TRUE,established integration method
0011400001qzGNZ,Validant,Former Customer,Churning,,MM,,,,TRUE,established integration method
0011O00002GJP1J,Virtual Technologies Group,Former Customer,Churning,,SMB,,TRUE,,,established integration method
0011400001qfvRc,KIPP Nashville,Former Customer,Churning,,MM,,,,,flat file or unidentified method
0011O00002E3wrq,ThreeKit,Former Customer,Churning,,SMB,,,,,flat file or unidentified method
0015Y00004HKPir,Innovation Refunds,Former Customer,High,,SMB,,,,TRUE,established integration method
0011400001qzFKBAA2,Landmark Credit Union,Customer,Low,,FINS,TRUE,,,,established integration method
0011400001ckgj0AAA,Thomas Cuisine,Customer,Low,,MM,,,,TRUE,established integration method
0011400001qzDBKAA2,Eastern Metal Supply,Customer,Low,,MM,TRUE,,,,established integration method
0015Y00002nkjwT,Oakland Public Education Fund,Customer,Low,0.2,SMB,,,,TRUE,established integration method
0011O00001ykULO,Convoy of Hope,Customer,Churning,0.99,MM,,,,TRUE,established integration method
0011O00001yki76,Zeeman TextielSupers B.V.,Customer,Low,0.12,Intl,TRUE,,TRUE,,established integration method
0011400001s5Cc9,Murata Power Solutions Inc,Customer,Low,0.04,MM,TRUE,,TRUE,,established integration method
001OO00000PS5rC,Thread Bank,Customer,Low,0.09,FINS,,,,,flat file or unidentified method
0013000000qI0eY,Kenco Management Services,Customer,Churning,0,ENT,TRUE,,,,established integration method
0011O0000251qg1,Cognitive Research Corporation,Customer,Medium,0.06,SMB,,,,,flat file or unidentified method
0015Y00004OBzs4QAD,ATTA Group Corp Elevators,Customer,Low,0.01,CAN,,,,TRUE,established integration method
0011400001qzIfT,"Progressive Services, Inc.",Customer,High,0.01,MM,,TRUE,,,established integration method
0011400001qyHUU,Blount Fine Foods,Customer,Low,0.01,MM,,,TRUE,,established integration method
0011400001hxQUI,"Checkers Drive-In Restaurants, Inc.",Customer,Low,0.02,SUB,TRUE,,,,established integration method
0011O00002HqZgx,Gateway Services Inc.,Customer,Low,0.02,CAN,,,TRUE,TRUE,established integration method
0011O00001yoCRL,The College of Health Care Professions,Customer,Low,0.02,MM,TRUE,,,,established integration method
0011O00002TjqDp,Petal Solutions Inc. / Petal MD,Customer,Low,0.25,CAN,TRUE,,,TRUE,established integration method
0015Y00004OFBzq,HowardSimon llc,Customer,Low,0,MM,,,,TRUE,established integration method
0015Y00002ZuXgX,"Vitality Living Senior Management, LLC",Customer,Medium,0.1,Intl,,,,,flat file or unidentified method
0011O00002ErzDo,"ABARTA Coca-Cola Beverages, LLC",Customer,Low,0,ENT,,,,,flat file or unidentified method
0011O00001yo3qf,Telkom SA Limited,Customer,Medium,0.36,Intl,TRUE,TRUE,TRUE,,established integration method
0013000000qHvOE,"Manatt, Phelps & Phillips, LLP",Customer,Low,0.01,MM,TRUE,,,,established integration method
0011400001s5Cvh,Pacific Northwest National Laboratory,Customer,Medium,0.44,ENT,TRUE,,,,established integration method
001a000001RrxmN,Maritime Travel,Customer,Low,0.51,CAN,TRUE,,,,established integration method
0011400001mHFhJ,"Pavement Recycling Systems, Inc.",Customer,High,0.05,MM,TRUE,TRUE,,,established integration method
0013000000qHznJAAS,"Communications Test Design, Inc.",Customer,Low,,ENT,,,,,flat file or unidentified method
0011O000024yzwp,Alphonso Inc.,Former Customer,Churning,,MM,,,,TRUE,established integration method
0015Y00004OFmFX,Association of Community College Trustees,Customer,Low,,SMB,,,,TRUE,established integration method
0013000000qHvac,Brock White Company LLC,Former Customer,High,,MM,,,,,flat file or unidentified method
0013000000qHvgt,"Union Bank, N.A.",Former Customer,Churning,,SUB,,,,,flat file or unidentified method
0011O00002ALlm0,GCI Network Solutions Limited,Customer,Low,,UK,,,TRUE,,established integration method
001OO00000aoBTQYA2,"Paladin Envirotech, LLC",Customer,Low,,SMB,,,,TRUE,established integration method
0011O00001zwzdn,Harvard Business School Publishing,Former Customer,Churning,,ENT,TRUE,,,,established integration method
001a000001EL9JZ,Clark Brands LLC,Former Customer,Churning,,SMB,,,,,flat file or unidentified method
0011O000024zVrOQAU,"American Bath Group, LLC",Customer,Low,,SUB,,,TRUE,,established integration method
0011O000021Kzte,CallTower Inc,Customer,Medium,,MM,TRUE,TRUE,TRUE,TRUE,established integration method
001OO00000NGZkX,Unicycive Therapeutics,Customer,Low,,SMB,,,,TRUE,established integration method
0011O00002D4moq,"AccuQuote, Inc.",Former Customer,Churning,,FINS,TRUE,,,,established integration method
0011O00002PtGG2,Media One Creative Inc.,Former Customer,Churning,,CAN,,,,,flat file or unidentified method
001OO00000SaWSf,Apex HP,Customer,Low,,FINS,,,,TRUE,established integration method
0015Y00003gxJJ1,Lunch Garden VOF,Former Customer,Churning,,Intl,TRUE,,,,established integration method
0011400001ciPRN,Aquilent Inc.,Former Customer,Churning,,SUB,,,,,flat file or unidentified method
0011O00001yoCsq,Origami Risk,Former Customer,Churning,,MM,,,,,flat file or unidentified method
0011400001e5GbK,"PT Intermediate Holdings III, LLC",Former Customer,Churning,,ENT,TRUE,,,,established integration method
0011O00002GJGLF,"Hall Wines LLC, a Texas limited liability company",Customer,Low,,FINS,TRUE,,,,established integration method
0011O00002Pjx7e,Porto Seguro (portoseg sa credito financiamento e investimento),Former Customer,High,,Intl,,,,,flat file or unidentified method
0011O00001xRpOT,Flagg Bicycle Group,Customer,Low,0.04,MM,,,,TRUE,established integration method
001a000001UxoD0,Rhino Foods,Customer,Low,0.17,MM,TRUE,,,,established integration method
0015Y000039L1oT,Promasidor Holdings Limited,Customer,Low,0.01,Intl,TRUE,,TRUE,,established integration method
0011O00002VN4sI,"Mitsubishi Chemical America, Inc.",Customer,Medium,0.13,SMB,,,,,flat file or unidentified method
0015Y00002nkNzk,Grey Wolf Animal Health Inc.,Customer,Medium,0.01,CAN,,,,TRUE,established integration method
0011O00002OLYd7,"Ignite Team Partners, LLC",Customer,Medium,0,MM,,,,TRUE,established integration method
0011400001wd7ex,Innomar Strategies Inc,Customer,Low,0,CAN,,,,,flat file or unidentified method
0011O00002ALNJk,Tyrion Security Bidco Limited,Customer,Low,0,UK,,TRUE,TRUE,,established integration method
001a000001JfY4u,HRI Lodging LLC,Customer,Low,0.01,ENT,TRUE,,,,established integration method
001a000001KJabb,Bethany Christian Services,Customer,Low,0.3,MM,TRUE,,,,established integration method
0011400001s5EIT,Pythian Services Inc.,Customer,Medium,0.49,CAN,,,,TRUE,established integration method
0015Y00002Zv7vb,Stok LLC,Customer,Medium,0,FINS,,,TRUE,,established integration method
0011O000029DGSh,Ennead Architects LLP,Customer,Medium,0.19,MM,,TRUE,,,established integration method
0011400001s4xBZ,Hypertec Administration Inc.,Customer,Low,0.01,CAN,,,,,flat file or unidentified method
0015Y00002yPg9L,Brand New Day Bank N.V.,Customer,Low,0.47,FINS,,,,,flat file or unidentified method
0011400001s5DFQ,Prospera Credit Union,Customer,Low,0.06,CAN,TRUE,,,TRUE,established integration method
0011O00002MHmd9,"Replimune, Inc.",Customer,Medium,0.05,MM,TRUE,,,,established integration method
0011O00002KBPlD,Roman Catholic Church in The State of Hawaii,Customer,Medium,0.36,MM,,TRUE,,TRUE,established integration method
0011400001pYQz0,Salts Healthcare,Customer,Low,0.01,UK,TRUE,,,,established integration method
001a000001Rre0I,"American Eagle Financial Credit Union, Inc.",Customer,Medium,0,FINS,TRUE,,,,established integration method
001OO000008u3gA,Phagenesis Limited,Customer,Low,0.03,UK,,,TRUE,TRUE,established integration method
0011O00002GJByT,The First Church of Christ Scientist,Customer,Low,0.03,MM,,,,TRUE,established integration method
0015Y00004ahxtW,FormMed HealthCare Gmbh,Customer,Low,0.44,Intl,TRUE,,,,established integration method
0011O00002B5Yw2,Dorchester Bay Economic Development,Former Customer,Churning,,SMB,,,,,flat file or unidentified method
0015Y00002tEPKl,"Atlas Renewable Energy USA, LLC",Customer,Low,0.01,MM,TRUE,,TRUE,,established integration method
0013000000qHvGg,CBRE,Customer,Low,0.03,ENT,TRUE,TRUE,,,established integration method
0013000000qHuKY,Blue Cross & Blue Shield of Rhode Island,Customer,Low,0.05,FINS,TRUE,,TRUE,,established integration method
001a000001VkS8L,"Ho-Chunk, Inc.",Customer,Low,0.05,ENT,TRUE,,TRUE,,established integration method
0015Y00002rm4pC,Community Living Thunder Bay,Customer,Medium,0.05,CAN,,,,TRUE,established integration method
0011O00002ESIUH,Charter Healthcare Group,Former Customer,Churning,,MM,,,,,flat file or unidentified method
0011O00001zwV1H,Pax8,Former Customer,Churning,,MM,,,,,flat file or unidentified method
0015Y00002ZvCTP,Clique Hospitality,Customer,Low,,MM,,TRUE,,,established integration method
0011400001s4ncu,"Tilray Brands, Inc.",Customer,High,0.16,SUB,TRUE,,,,established integration method
0015Y00002ZvAua,Groundwork Coffee Company Inc,Former Customer,High,,MM,TRUE,,,,established integration method
0011O000022JhKZ,Health IQ,Former Customer,High,,FINS,,,,,flat file or unidentified method
0015Y00002yPlJgQAK,Best Way Stone Limited,Customer,Low,,CAN,,,,,flat file or unidentified method
0015Y00002wPaKd,POINT Biopharma,Former Customer,Churning,,CAN,,,,TRUE,established integration method
0011O00002SrILq,Distrilog,Former Customer,Churning,,Intl,,,,,flat file or unidentified method
0011O000029EAro,Erickson Information Services,Former Customer,Churning,,SMB,,,,,flat file or unidentified method
0013000000qHvsD,"P.F. Chang's China Bistro, Inc.",Former Customer,Churning,,ENT,TRUE,,,,established integration method
001OO00000ReciB,"Essex Finishing Operating Company, LLC",Customer,Low,,SMB,,,,TRUE,established integration method
0015Y00003QPFNp,Terra Worldwide Logistics,Former Customer,Churning,,SMB,,,,,flat file or unidentified method
001OO00000bc01qYAA,Ag Capital Canada,Customer,Low,,CAN,,,,,flat file or unidentified method
0011400001lGRwe,Platinum Companies,Former Customer,Churning,,MM,,,,,flat file or unidentified method
001OO000005MN3B,Doughboy Restaurant Group,Customer,Churning,,MM,TRUE,,,,established integration method
0011O00002XgnAr,Trusscore,Former Customer,Churning,,CAN,,,,,flat file or unidentified method
0015Y00002lJO9M,"Encore Redevelopment, LLC dba Encore Renewable Energy",Customer,High,,SMB,,,,TRUE,established integration method
0015Y00003zdcUHQAY,American Laboratory Products,Customer,Low,,SMB,,,TRUE,,established integration method
0011O000022KYQI,Angus Fire Limited,Former Customer,Churning,,UK,,,,,flat file or unidentified method
0015Y00002Zv2Tu,Tradewind Aviation LLC,Former Customer,Churning,,SMB,,,,TRUE,established integration method
0015Y00004eCPIGQA4,JFK Law,Customer,Low,,CAN,,,,,flat file or unidentified method
0015Y00002YYEKx,iBwave Solutions Inc.,Former Customer,Churning,,CAN,TRUE,,,,established integration method
0011400001pYQ8O,Mount Anvil,Customer,Low,,UK,,,,TRUE,established integration method
0011400001lGRn7,Star One Credit Union,Former Customer,Churning,,FINS,,,,,flat file or unidentified method
0011400001s5BNx,Town and Country Event Rentals,Former Customer,Churning,,MM,,,,,flat file or unidentified method
0015Y00003zew5J,The Heart of England Co-operative Society,Former Customer,Churning,,UK,TRUE,,,,established integration method
0011O00002FFkBJ,Loyens & Loeff NV,Customer,Low,0.11,Intl,TRUE,,TRUE,,established integration method
0015Y00004tvccm,Gridiron Air LLC,Customer,Low,0.79,SMB,TRUE,,,,established integration method
0011O00001ykYme,Plooto,Customer,High,0.87,CAN,,,TRUE,,established integration method
001OO00000ShOjj,Mindsprint Pte. Ltd,Customer,Low,0.1,Intl,,,,,flat file or unidentified method
0011O000024zsBJ,"TextNow, Inc.",Customer,Low,0.03,CAN,,,,,flat file or unidentified method
0011O00002GJFSM,Olympus Property,Customer,Low,0.08,FINS,,,TRUE,,established integration method
0015Y00002ZugWr,L7 Informatics Inc,Customer,High,0.57,MM,,,,TRUE,established integration method
0011O00002OLywN,Four Winds Health LLC (a Delaware limited liability company),Customer,Low,0.01,MM,,,,TRUE,established integration method
0015Y00002ySGX3,World Science Festival,Customer,High,0.8,SMB,,,,,flat file or unidentified method
0011400001qz8ih,"Millwood, Inc.",Customer,Medium,0.02,ENT,TRUE,,,,established integration method
0011O000021K0JL,Fortuna Silver Mines Inc.,Customer,High,0.02,SUB,TRUE,,,,established integration method
001a000001RuD9c,"NEW CO-Operative, Inc.",Customer,High,0,MM,TRUE,,,,established integration method
0011O00002GJFeN,Faithlife LLC,Customer,Low,0.04,SUB,,,TRUE,TRUE,established integration method
001a000001H1kDp,Brookfield Residential US Holdings LLC,Customer,Low,0,CAN,,TRUE,TRUE,,established integration method
0015Y00002mlaby,Plexcity,Customer,Low,0.02,SMB,,,,TRUE,established integration method
0011O0000241pjA,TraceGains,Customer,Churning,0.12,SMB,,,,TRUE,established integration method
0011O000022Jjda,RestorixHealth Inc.,Customer,High,0,MM,TRUE,TRUE,TRUE,,established integration method
0011400001s5D1e,Coldwell Banker Real Estate Group,Customer,Medium,0.05,SUB,TRUE,,,,established integration method
0011400001tENo8,Life Chiropractic College West,Customer,Medium,0.01,SMB,TRUE,,TRUE,,established integration method
0011400001eegat,"SPAR Group, Inc.",Customer,High,0.9,ENT,TRUE,,,,established integration method
0011O000022HqNF,Think Surgical Inc,Customer,Medium,0.09,MM,TRUE,,,,established integration method
0015Y00002eG7Ss,Arundel Kerr Produce Ltd (AKP Group),Customer,Low,0.05,UK,,,,TRUE,established integration method
0011O00002AKPwf,Kirkpatrick Bank,Customer,Low,0.03,FINS,,,,,flat file or unidentified method
0015Y00002uN3Kb,Quantios Management Services Ltd,Customer,Medium,0,UK,,,,,flat file or unidentified method
0011400001gGOt9,Omnia Group (PTY) Ltd,Customer,Low,0.03,Intl,TRUE,,TRUE,,established integration method
0015Y00002YYXoE,Gruppo Colzani SRL,Customer,Low,0.24,Intl,,,,,flat file or unidentified method
0011400001oUkiX,"Mimeo.com, Inc.",Customer,Medium,0.3,MM,TRUE,,,,established integration method
0011O000021L4uY,Campbell Global LLC,Customer,Medium,0.1,SUB,TRUE,,,,established integration method
0015Y00003DlYKT,San Francisco Housing Accelerator Fund,Customer,Low,0.02,FINS,,,,TRUE,established integration method
0011O00002FFix6,"The Arc of Monroe Chapter of NYSARC, Inc.",Customer,Medium,0.54,SUB,,,,,flat file or unidentified method
0011O00002GJBK4,Custom Concrete Co Inc,Customer,Low,0.1,MM,,,,,flat file or unidentified method
001OO000005AVUK,"LGG Industrial, Inc.",Customer,Low,0,ENT,TRUE,,,,established integration method
0011O00002VQVoi,Camden Homes LLC,Former Customer,Churning,,FINS,,,,,flat file or unidentified method
0011O00002GHIub,Odell Brewing Company,Former Customer,Churning,,MM,TRUE,,,,established integration method
001a000001PZhVrAAL,American Association of Blood Banks,Customer,Low,,SMB,,,,,flat file or unidentified method
0015Y00003B6s4K,Zoute Grand Prix BV,Former Customer,High,,Intl,,TRUE,,,established integration method
0011400001bRAeV,Click Sales Inc. d/b/a ClickBank,Customer,Low,,ENT,,,,,flat file or unidentified method
0015Y00002oySDz,Monette Farms,Former Customer,Churning,,CAN,,,,,flat file or unidentified method
0011400001qz6IMAAY,Community Eldercare Services LLC,Customer,Low,,MM,,,,,flat file or unidentified method
0015Y00003B80Zb,Black Bear Pictures UK Ltd.,Customer,Low,,UK,,,,TRUE,established integration method
0011O00002G0iwi,Captify,Former Customer,High,,UK,,,,,flat file or unidentified method
0011400001eeglq,"Universal Technical Resource Services, Inc.",Former Customer,,,MM,,,,,flat file or unidentified method
0011400001s5C4o,American Chemistry Council Inc,Customer,Low,,SMB,,,,TRUE,established integration method
001OO00000X3KCCYA3,TensorWave,Customer,Low,,SMB,,,,TRUE,established integration method
0015Y00002Zuh0Q,Biocoat Inc,Former Customer,High,,SMB,,,,,flat file or unidentified method
0011O00002OLlRL,Eagleville Hospital,Customer,Low,,MM,TRUE,,,,established integration method
0015Y00002Zv2Ax,River Financial Group,Former Customer,Churning,,SMB,,,,,flat file or unidentified method
0011O00002514uD,Primera Engineers Ltd,Former Customer,Churning,,MM,TRUE,,,,established integration method
0015Y00003zd23U,RPM Freight Systems,Former Customer,Churning,,MM,TRUE,,,TRUE,established integration method
001a000001GyiIw,The Savings Bank Life Insurance Company of MA,Former Customer,Churning,,FINS,,,,,flat file or unidentified method
001a000001YJoIo,Waterford,Former Customer,High,,MM,TRUE,,,TRUE,established integration method
0015Y000056kOUpQAM,Bagel Brands,Customer,Low,0.14,SUB,,,TRUE,TRUE,established integration method
0011400001qzJWc,"Lifesouth Community Blood Centers, Inc.",Customer,Medium,0.6,MM,TRUE,,,TRUE,established integration method
0011400001qzKJO,Vibrant Works,Customer,Low,0,MM,,,,,flat file or unidentified method
001OO00000GGMt0,"OBR Holdings, LLC",Customer,Low,0.01,MM,,,,TRUE,established integration method
0015Y00002iSGmD,Versaterm,Customer,Low,0.1,CAN,,,TRUE,TRUE,established integration method
0011400001qzA0t,DMI,Customer,Low,0.02,ENT,,,TRUE,TRUE,established integration method
0011400001qzGix,"Cuivre River Electric Cooperative, Inc.",Customer,Low,0.29,SMB,TRUE,,,,established integration method
0011O000022GjqF,National Automated Clearing House Association d/b/a NACHA,Customer,Medium,0.09,FINS,,TRUE,,TRUE,established integration method
0011O00001yoBrU,"PPC Flexible Packaging, LLC",Customer,High,0.56,MM,TRUE,,,,established integration method
0015Y00002wK5eN,Cowater International Inc. d/b/a Cowater,Customer,Low,0,CAN,TRUE,,TRUE,,established integration method
0013000000qHwZE,Vertex Pharmaceuticals (Europe) Ltd.,Customer,Medium,0.55,ENT,TRUE,,,,established integration method
0015Y00003zgiRE,"Odyssey Therapeutics, Inc.",Customer,High,0.07,MM,,,,TRUE,established integration method
0015Y00002uMUaU,Quantum Lifecycle Partners,Customer,Low,0.02,CAN,,,,TRUE,established integration method
0015Y00004T62d6,HI Development Puerto Rico Corporation,Customer,Low,0.11,SMB,,,,TRUE,established integration method
001OO000006Zylz,Infinity Home Services,Customer,Medium,0,MM,,,TRUE,TRUE,established integration method
0011400001s4wqz,Center for Justice Innovation,Customer,Low,0.15,MM,,,TRUE,TRUE,established integration method
0011O00002HtWGl,Mead Lumber,Customer,Low,0.07,MM,TRUE,,,,established integration method
0011O00002AjpxT,"Makeready, LLC",Customer,Low,0.09,MM,,TRUE,TRUE,TRUE,established integration method
0011O00002GJFUx,Texas Riogrande Legal Aid Inc,Customer,High,0.34,MM,,,,,flat file or unidentified method
0015Y00002q0buu,"Genesis Research, LLC",Customer,Low,0.05,MM,,,,TRUE,established integration method
0011O00002O1q95,Worcester Art Museum,Customer,Medium,0.24,MM,TRUE,,,,established integration method
0011400001qzJYN,"FORTNA Systems, Inc. (fka Material Handling Systems, Inc.)",Customer,Low,0.01,ENT,TRUE,TRUE,TRUE,,established integration method
0015Y00005JAOCW,Nerdio,Former Customer,Churning,0.53,MM,,,TRUE,TRUE,established integration method
0011O00002UUkoG,"First Watch Restaurants, Inc.",Customer,Low,0,SUB,TRUE,,,,established integration method
0011400001s5Cx5,City of Marion,Customer,High,0.13,Intl,,,TRUE,TRUE,established integration method
0015Y00002xEoM0,Next47,Former Customer,Churning,,FINS,,,,,flat file or unidentified method
0015Y00002ZvBU9,Falcon Insurance Group LLC,Customer,Churning,0.09,FINS,TRUE,,,TRUE,established integration method
0015Y00004T5Mai,eCombustible Energy,Customer,High,0.91,SMB,,,,,flat file or unidentified method
0013000000qHzJP,Sargent & Lundy,Customer,Low,0.06,ENT,,TRUE,,,established integration method
0015Y00004OBzjt,"Jetzero, Inc.",Customer,High,0.88,MM,,,,TRUE,established integration method
0011O00002OLojoQAD,Tricam Industries LLC,Customer,Low,0.02,SMB,TRUE,,,,established integration method
0011O00002E5EZD,Baudville Brands,Former Customer,High,,MM,,TRUE,,,established integration method
0011O00001xL0v5,TripSpark Technologies,Former Customer,Churning,,MM,,,,,flat file or unidentified method
0011400001s5CbP,"MPW Industrial Services Group , Inc.",Customer,Low,0.02,ENT,,,TRUE,,established integration method
0011O000024zBMC,ChoiceOne Bank,Customer,Low,0.1,FINS,TRUE,,,,established integration method
0015Y00002rm4rFQAQ,PUC Services Inc.,Customer,Low,,CAN,,,,,flat file or unidentified method
0011O00002KBfHY,Onpoint Intelligence LLC (MCE Social),Former Customer,Churning,,FINS,,TRUE,,TRUE,established integration method
0011O00002XhKEm,MTR Corporation (Crossrail) Limited,Former Customer,Churning,,UK,,,,,flat file or unidentified method
0011400001eegjgAAA,Travis Credit Union,Customer,Low,,FINS,TRUE,,,,established integration method
0011O00002A7RHMQA3,"Altimmune, Inc",Customer,Low,,SMB,,,,TRUE,established integration method
0011400001ckghl,"SMS Assist, LLC.",Former Customer,Churning,,MM,,,,,flat file or unidentified method
001a000001XS1b1,FNF Canada Company,Former Customer,High,,CAN,,,,,flat file or unidentified method
001OO00000eDDwTYAW,Tindley Accelerated Schools,Customer,Low,,SMB,,,,TRUE,established integration method
0011O00002HL3O0QAL,Kasai North America,Customer,Low,,ENT,,,,,flat file or unidentified method
0011400001ckgiu,"Public Theater, The",Former Customer,Churning,,MM,,,,,flat file or unidentified method
0011400001pYRIU,Imperial London Hotels,Former Customer,High,,UK,,,,TRUE,established integration method
001OO00000ObbPF,Innovair Solutions,Customer,Low,,CAN,,,,,flat file or unidentified method
0011O00001zwXhB,State Window Corporation,Former Customer,Churning,,CAN,TRUE,,,,established integration method
0011O00002UV2Km,"Silver Birch, LLC",Former Customer,Churning,,SMB,,TRUE,,,established integration method
0011O00002VQB6c,Destination Toronto,Former Customer,Churning,,CAN,,,,,flat file or unidentified method
0011O00002DghlF,Canuck Place Children's Hospice,Former Customer,Churning,,CAN,TRUE,,,,established integration method
0011400001s3S7H,Tier1 Inc,Former Customer,Churning,,MM,TRUE,,,TRUE,established integration method
0011O00002GJPow,"UVNV, LLC (d/b/a Ultra Mobile)",Former Customer,Churning,,MM,,,,TRUE,established integration method
0011O000029DFIE,Tangent Technologies LLC,Former Customer,Churning,,SMB,TRUE,,,,established integration method
0011O00001yoCSL,Walser Automotive Group LLC,Former Customer,High,,ENT,,,,TRUE,established integration method
0015Y00004eCc6J,Integra Insurance Solutions,Former Customer,Churning,,UK,,,,,flat file or unidentified method
0011O00002SYy1l,EverAg,Customer,High,0.84,MM,,,TRUE,TRUE,established integration method
001300000154WRT,Bel Fuse,Customer,Medium,0.01,ENT,,TRUE,TRUE,,established integration method
0011O00001zwYI6,"Apex Clean Energy Management, LLC",Customer,Low,0.19,MM,TRUE,,,,established integration method
0011O00002JmIbm,ButterflyMX,Customer,Low,0.63,MM,,,,TRUE,established integration method
0011O00002GJJnC,Sheboygan Paint Company,Customer,Low,0.03,SMB,,TRUE,,,established integration method
0011O00002UV2Qk,Clearwater Federal Credit Union,Customer,High,0.28,FINS,TRUE,,,,established integration method
0015Y00002ZuMoZ,Artios Pharma Ltd,Customer,High,0.02,UK,,,,TRUE,established integration method
0011O00002KseHs,Kalnin Ventures LLC,Customer,High,0.05,MM,,,TRUE,,established integration method
0011400001s5CvV,Pacific Bells LLC,Former Customer,Churning,0.94,ENT,,TRUE,,TRUE,established integration method
0011400001oUyfg,Crown Agents Bank,Customer,High,0.17,MM,TRUE,TRUE,TRUE,,established integration method
0011O000021KujO,Lifting Solutions Inc.,Customer,Medium,0,CAN,TRUE,,,,established integration method
001a000001NAZJw,Barnhardt Manufacturing Co.,Customer,Churning,0.23,MM,,,,,flat file or unidentified method
0011O00001zxeBh,"CION Investment Group, LLC",Customer,Low,0.06,ENT,,,,,flat file or unidentified method
0011400001ckgjG,"Triumvirate Environmental, LLC",Customer,Medium,0.17,ENT,,,,,flat file or unidentified method
0011O00002UV2kr,Abeona Therapeutics Inc.,Customer,Low,0.03,MM,,,,TRUE,established integration method
0011400001qz8UX,Public Utility District No. 2 of Grant County,Customer,Medium,0,MM,,,,,flat file or unidentified method
001OO00000ehk8eYAA,Greenwood Advisors LLC,Customer,Low,,SMB,,,,TRUE,established integration method
0015Y00004eCYOF,Lubbock Power & Light,Customer,Low,0.05,SMB,,,,,flat file or unidentified method
001OO00000OF1Ka,Marie Veronique,Customer,Low,,SMB,,,,TRUE,established integration method
0015Y00002oCfZl,Harding Display,Former Customer,Churning,,CAN,,,TRUE,,established integration method
0011O00002HqD5y,Ambient Properties Inc.,Former Customer,High,,SMB,,,,TRUE,established integration method
0015Y00002xEM1Y,Dentex Manco Limited,Former Customer,Churning,,UK,,,TRUE,,established integration method
0011O00002GajTeQAJ,Child Action,Customer,Low,,MM,,,,,flat file or unidentified method
0011O0000250Drv,"Bitesquad.com, LLC",Former Customer,Churning,,SUB,TRUE,,,,established integration method
0011O000021KzuD,Lexipol LLC,Former Customer,Churning,,MM,,,,,flat file or unidentified method
0011O00001ykluM,Corelation Inc.,Former Customer,Churning,,FINS,TRUE,,,,established integration method
001a000001U0CMe,"Pasha Group, The",Customer,Low,,ENT,,,TRUE,,established integration method
0015Y00002Zv5zS,DentalXChange,Former Customer,Churning,,SMB,,,,,flat file or unidentified method
0011O00002GJCe2QAH,T&S Brass,Customer,Low,,MM,,,,,flat file or unidentified method
0011O000024z0PD,Middle East Broadcasting Networks,Former Customer,Churning,,MM,TRUE,,,,established integration method
0011O00002SqcQz,The RiverWoods Group,Former Customer,Churning,,FINS,TRUE,,,,established integration method
0011O00001zwYI5,Ephesoft,Former Customer,Churning,,MM,,,,,flat file or unidentified method
0011400001fMmJp,Nissin International Transport USA Inc.,Former Customer,Churning,,SMB,,,,,flat file or unidentified method
0015Y00003DhyF7,VanMoof Netherlands B.V.,Customer,Low,,Intl,,,TRUE,,established integration method
0011O000024zNk1,Henry Co,Former Customer,High,,SUB,,,,,flat file or unidentified method
0015Y00002rn7pd,"Turner Enterprises, Inc.",Customer,Low,0.06,SMB,TRUE,TRUE,,TRUE,established integration method
0011400001ugS2t,"Veloxis Pharmaceuticals, Inc.",Customer,Churning,0.23,SMB,,,,,flat file or unidentified method
0011O0000241xXm,Tampa Bay Rays Baseball Ltd.,Customer,High,0.07,MM,,,,TRUE,established integration method
0011400001qzK1i,"Bpi Packaging, LLC",Customer,High,0.36,MM,TRUE,,,,established integration method
0011O0000250zWq,Verstela,Customer,Medium,0.03,MM,,,TRUE,TRUE,established integration method
001a000001PZfVU,PRGX USA Inc.,Customer,Medium,0,ENT,TRUE,,,,established integration method
0015Y00002iUtUL,GSE,Customer,Medium,0.07,Intl,TRUE,,,,established integration method
0015Y00002morBb,Strathcona Resources LTD.,Customer,Medium,0.37,CAN,TRUE,,TRUE,,established integration method
0013000000qI0eM,Englobe Corp.,Customer,Low,0.01,CAN,TRUE,,,,established integration method
001OO000007YIrR,"REE Medical, LLC.",Customer,Low,0.04,SMB,,,,TRUE,established integration method
0011400001r0UOM,Tropical Smoothie Cafe,Customer,Low,0.24,SUB,TRUE,TRUE,,,established integration method
001OO00000TtHMA,Lunchpail Service Partners,Customer,Low,0.01,SMB,,,TRUE,TRUE,established integration method
0011O00002DeJbl,Minnesota Adult & Teen Challenge,Customer,Medium,0.33,MM,TRUE,,,TRUE,established integration method
0011400001qzJvY,"Miami Jewish Health Systems, Inc.",Customer,Low,0.04,MM,,,,TRUE,established integration method
0011O00002OLlT6,Forefront Living,Customer,Churning,0.87,MM,,TRUE,,,established integration method
0011O00001yoCGL,The Bozzuto Group,Customer,Low,0.2,ENT,TRUE,,,,established integration method
0011400001s5C7h,"Lookout, Inc.",Customer,High,0.19,MM,,,,TRUE,established integration method
0011400001msrqe,Community Catalyst,Customer,High,0.56,MM,,,,TRUE,established integration method
001a0000016j0dH,Cumming Construction Management Inc,Customer,Low,0,ENT,TRUE,TRUE,TRUE,TRUE,established integration method
0011400001gyRsu,Black Bear Diner,Former Customer,Churning,1,MM,,,,,flat file or unidentified method
0011400001qzCfn,"Callahan, Inc.",Customer,Low,0.15,MM,,,,,flat file or unidentified method
0015Y00002xDSiw,Jericho Project,Customer,Low,0.13,MM,,,,,flat file or unidentified method
0015Y00003zdOwo,Amaroq Minerals Ltd.,Customer,Low,0.02,CAN,,,,,flat file or unidentified method
0011400001pYQzq,Pinnacle Group Limited,Customer,High,0,UK,TRUE,,,,established integration method
0013000000qI0ba,"Barry-Wehmiller Group, Inc.",Customer,Low,0.25,ENT,,,,,flat file or unidentified method
001OO000008G43B,MHF Group Holdings LLC,Customer,High,0.69,SMB,,TRUE,,,established integration method
001a000001G6Qzg,"Air Transport Services Group, Inc.",Customer,Low,0,SUB,TRUE,,,,established integration method
0011O000029DF8I,Terviva Bioenergy,Customer,Churning,0.55,SMB,TRUE,,,TRUE,established integration method
0011400001fMmDx,Kennebec Savings Bank,Customer,Low,0.14,FINS,TRUE,,,,established integration method
0011O00001ymKij,"Los Angeles Dodgers, LLC",Customer,Low,0.18,MM,TRUE,,,,established integration method
0011O000022ILB7,The Gorilla Glue Co,Former Customer,Churning,,MM,,,,,flat file or unidentified method
001a000001VkS8C,Green Bay Packers,Customer,Low,0.05,MM,TRUE,,,,established integration method
0011400001vZRYF,Unanet,Former Customer,Churning,,MM,,,,,flat file or unidentified method
0011O00002UUkon,Tasteful Selections LLC,Former Customer,Churning,,SMB,TRUE,,TRUE,,established integration method
0015Y00003QMYww,Running Tide,Former Customer,Churning,,SMB,,,,,flat file or unidentified method
0013000000qHxgr,CIT Group Inc.,Former Customer,Churning,,ENT,,,,,flat file or unidentified method
001OO000007PBXN,DataSnipper B.V.,Customer,Low,,Intl,,,,TRUE,established integration method
0011O00001zxNYm,Warrenton Oil Co.,Customer,Low,,SMB,TRUE,,,,established integration method
0011O00002420Qq,Automotive Industrial Marketing Corp (AIMCO),Former Customer,High,,MM,,,,,flat file or unidentified method
0011O00001ymGHY,Getaround,Former Customer,High,,MM,,,,,flat file or unidentified method
0011400001e44ne,Willdan Group Inc.,Former Customer,Churning,,ENT,TRUE,,,,established integration method
0011400001e30ov,GrayRobinson P.A.,Former Customer,Churning,,MM,,,,,flat file or unidentified method
0013000000qHx2KAAS,"Harvard Bioscience, Inc.",Customer,Low,,MM,,,,,flat file or unidentified method
001a000001TMbUi,Alcami Corporation,Former Customer,Churning,,MM,,,,,flat file or unidentified method
0011O00002GKAy0,Canassurance Hospital Services Association (Blue Cross Quebec),Former Customer,Churning,,CAN,TRUE,,,,established integration method
0015Y00002Zv6Uo,Coldstream Holdings Inc,Customer,Low,,FINS,,,,,flat file or unidentified method
0015Y00002eGGpIQAW,Faversham House,Customer,Low,,UK,,,,,flat file or unidentified method
0015Y00004zhbGG,Leaf Living OpCo Limited,Former Customer,Churning,,UK,TRUE,,,,established integration method
0015Y00002mml3N,Buckle Rideshare Insurance,Former Customer,Churning,,FINS,,,,,flat file or unidentified method
Rasheed,,,,,,,,,,flat file or unidentified method
0015Y00002ZuufgQAB,Terra Outdoor Living,Customer,Low,,MM,TRUE,,,,established integration method
001OO00000dWiilYAC,Nivtar,Customer,Low,,UK,,,,TRUE,established integration method
0011O00001zwYLQ,ABLE Equipment Rental,Former Customer,Churning,,MM,,TRUE,,,established integration method
0011O00002GJIsEQAX,Meyer Laboratory Inc,Customer,Low,,MM,,,,,flat file or unidentified method
001OO00000J2mvFYAR,Archway Dental Partners,Customer,Low,,SUB,,,,TRUE,established integration method
0011O000027BTAT,Keyfactor,Former Customer,Churning,,MM,,,,,flat file or unidentified method
0011400001qzH2l,Hager Companies,Former Customer,Churning,,MM,TRUE,,,,established integration method
0015Y00002uNTAH,Times Higher Education,Customer,Medium,,UK,,,TRUE,TRUE,established integration method
0011400001qz6E9,Wajax Limited,Customer,Low,0,CAN,,,,,flat file or unidentified method
0015Y00003QPrwJ,American Landscaping Partners,Customer,Low,0.19,SMB,TRUE,,,,established integration method
001OO00000AjeA3,"Bluesight, Inc.",Customer,Low,0,MM,,,,TRUE,established integration method
0013000000qHxAo,World Vision Inc.,Customer,Low,0.01,ENT,TRUE,,TRUE,,established integration method
001OO00000TRaTY,Zebulon,Customer,Low,0.54,SMB,,,,TRUE,established integration method
00130000015rqgX,Dare Foods,Customer,High,0,CAN,TRUE,,,,established integration method
0011O00002GJimB,Girl Guides of Canada,Customer,Low,0.01,CAN,TRUE,,,,established integration method
0015Y00002ZuTbo,Suave Brands Company,Customer,Low,0,SMB,,,TRUE,,established integration method
0015Y00002mmAOS,Great Circle Solar,Customer,Low,0.29,CAN,TRUE,,,,established integration method
0011O000022ILQ8,Conterra Ultra Broadband LLC,Customer,Low,0,MM,TRUE,,,,established integration method
0015Y00003QNo3a,Malala Fund,Customer,Low,0.02,SMB,,,,TRUE,established integration method
001a000001VkS8M,"The Chicago Bears Football Club, Inc.",Customer,Low,0.07,MM,,TRUE,TRUE,TRUE,established integration method
0015Y00002uMIix,Truma Corporation,Customer,Low,0.19,MM,,,,,flat file or unidentified method
0011O000024zjhk,"Niagen Bioscience, Inc.",Customer,Medium,0.06,MM,,,,TRUE,established integration method
0015Y00003QOWKD,MJS Foundation,Customer,Low,0,SMB,TRUE,,,TRUE,established integration method
0011400001eefuw,"GAI Consultants, Inc.",Customer,High,0.11,MM,,,TRUE,,established integration method
001a000001KJnGl,Bayview Asset Management LLC,Customer,Medium,0.48,SUB,TRUE,,,,established integration method
001a000001UxoCk,Rewards Network Establishment Services Inc.,Customer,Medium,0.3,MM,,,,TRUE,established integration method
001OO00000LYs3W,Velocity Auto Care,Customer,Medium,0.04,SMB,,,,TRUE,established integration method
0011O00002OLmUt,"Divco West Services, LLC",Customer,Low,0,FINS,,,TRUE,,established integration method
0015Y00003LZWWZ,InformData,Former Customer,Churning,,ENT,,,,TRUE,established integration method
0015Y00002tCb7z,F. Schumacher & Co.,Customer,Low,0.01,SMB,TRUE,TRUE,,,established integration method
0015Y00002ZvmsF,Vine Hotels Ltd.,Customer,Medium,0,UK,,TRUE,,,established integration method
0011400001s5Bbf,White Glove,Customer,Low,0.19,SMB,,,,TRUE,established integration method
0011O00002JGcnb,"United Digestive, LLC",Customer,Medium,0,MM,TRUE,TRUE,,TRUE,established integration method
0011400001qz7Sc,M&M Corporate Services Inc.,Customer,Low,0.25,FINS,TRUE,,,,established integration method
0011O00002ET0IR,AudienceView Ticketing Corporation,Customer,Low,0.37,CAN,,,,TRUE,established integration method
0011400001s5CeO,Calero-MDSL,Customer,Low,0.01,MM,,,,TRUE,established integration method
0011400001aCz3k,Hitachi Construction Truck Manufacturing Ltd.,Customer,Medium,0.62,Intl,TRUE,,,,established integration method
0011O00002AK2zo,G4S Secure Solutions (NL),Former Customer,Churning,,ENT,,,,,flat file or unidentified method
001a000001PZuhF,"Brimar Industries, LLC",Customer,Churning,,SMB,,,,,flat file or unidentified method
0011O00001yno3B,Motor Vehicle Software Corporation,Former Customer,High,,MM,,,,TRUE,established integration method
0015Y00002ZuYxE,Cambridge Technologies,Former Customer,Churning,,SMB,,,,TRUE,established integration method
0013000000qHw6Q,Home Trust Company,Former Customer,Churning,,SUB,,,,,flat file or unidentified method
0013000000qHwEB,"TWIN Disc, Inc.",Former Customer,Churning,,MM,TRUE,,,,established integration method
0011O00002GZlsU,Fluence Technologies,Partner,Low,,CAN,,,,,flat file or unidentified method
0011O000021Kr1M,NAACP,Former Customer,Churning,,MM,,,,,flat file or unidentified method
0011O00002GJGe7,Predictive Technology Group Inc,Former Customer,Churning,,SMB,,,,,flat file or unidentified method
0013000000qHzNB,"VT iDirect, Inc",Prospect,Churning,,MM,,,,,flat file or unidentified method
0015Y00003Yl8a9,"Surgimate, LLC",Customer,Churning,,SMB,,,TRUE,TRUE,established integration method
0015Y00003Yl7AP,Isar Aerospace SE,Customer,Low,,Intl,,TRUE,,,established integration method
0015Y00002uNRwh,Sigma Capital Property Ltd,Customer,High,,UK,TRUE,,,,established integration method
0011O00002KAwj7,"Imperative Chemical Partners, Inc.",Customer,Low,,MM,,,,TRUE,established integration method
0011400001s5D3U,Peoria Disposal Company,Former Customer,Churning,,SUB,,,,,flat file or unidentified method
0011400001s5Bej,XpresSpa,Former Customer,Churning,,MM,,,,TRUE,established integration method
0011400001qzA0OAAU,"Lumbermen's, Inc.",Customer,Low,,MM,,,,,flat file or unidentified method
0011O00002HL4Oi,Highfield Investment Group,Former Customer,Churning,,CAN,TRUE,,,,established integration method
001a000001IKsd3,"Mariani Packing Co., Inc.",Former Customer,High,,MM,,TRUE,,,established integration method
0015Y00002rm4q9,Alberta School Employee Benefit Plan,Former Customer,Churning,,CAN,TRUE,,,,established integration method
0015Y00002rmvVr,Folloze,Former Customer,Churning,,SMB,,,,,flat file or unidentified method
001OO00000eiDVaYAM,Souperwell Inc,Customer,Low,,CAN,,,TRUE,TRUE,established integration method
0011O00002UUknC,Coril Holdings Ltd.,Customer,High,0.05,CAN,TRUE,,,TRUE,established integration method
0011400001qzINs,Master Fluid Solutions,Customer,Churning,0.01,MM,TRUE,,TRUE,,established integration method
001OO000005VfNN,San Diego FC,Customer,Low,0.01,MM,,,,TRUE,established integration method
0011400001qzHpe,"Watermark Retirement Communities, LLC",Customer,Low,0.01,ENT,,,TRUE,TRUE,established integration method
0011400001uePyy,"Crew SC Team Company, LLC",Customer,Medium,0.64,MM,TRUE,,,,established integration method
001a000001Ru3rd,Blue Bird Corp.,Customer,Low,0.01,ENT,TRUE,TRUE,,,established integration method
0011O00001yoCrb,"TuneIn, Inc.",Customer,Medium,0.47,MM,,,,TRUE,established integration method
0015Y00005yh4Ey,Black Kanyon,Customer,Medium,0.01,SMB,,,,,flat file or unidentified method
0011400001eegSE,"R.I.M. Logistics, LTD",Customer,Low,0.03,MM,,,TRUE,,established integration method
0011O000024yltp,"e.l.f. Cosmetics, Inc.",Customer,Low,0,MM,TRUE,,,TRUE,established integration method
0011O00002VQqBk,Accelerate Education,Customer,High,0.73,MM,,,,TRUE,established integration method
001a000001Tz67L,The Law Society of British Columbia,Customer,Low,0.24,CAN,TRUE,,TRUE,,established integration method
0015Y00003YolgX,Spotless Brands,Customer,Low,0.03,SMB,,,,TRUE,established integration method
001a000001Ru3XC,"Insight Global, LLC",Customer,High,0.01,ENT,TRUE,,TRUE,,established integration method
0011O0000251Wqi,Wedgewood Weddings,Customer,Medium,0.33,SMB,TRUE,,,,established integration method
0011400001qzMpq,DCO Energy LLC,Customer,Medium,0.24,MM,TRUE,,,,established integration method
0011400001s5DDR,Corning Credit Union,Customer,Medium,0.08,FINS,TRUE,,,,established integration method
0015Y00002xFc8k,Advania UK Limted,Customer,High,0.08,UK,,,,TRUE,established integration method
0011O00002E3xoE,Heartland Veterinary Partners LLC,Customer,Low,0.17,ENT,,,,TRUE,established integration method
001a000001Rt0hH,Bell Partners Inc.,Customer,Medium,0,ENT,TRUE,,TRUE,,established integration method
001OO00000NXTvg,Conciliation Resources,Customer,Low,0.01,UK,TRUE,,,,established integration method
0011O000024z8UV,Planetary Science Institute,Customer,Medium,0.07,MM,TRUE,TRUE,,TRUE,established integration method
0013000000qHzP1,"NFI Industries, Inc.",Customer,Low,0.03,ENT,TRUE,,TRUE,,established integration method
0011O00002DdisM,Engie Mobisol GmbH,Customer,High,0.06,Intl,TRUE,,,,established integration method
0011O00002Ne9kc,Burlington Housing Authority,Customer,Medium,0.2,SMB,,,,,flat file or unidentified method
0011O000021LMko,Professional Engineers Ontario,Customer,Low,0.01,CAN,,,,,flat file or unidentified method
001a000001NAZHF,"Kansas City Chiefs Football Club, Inc.",Customer,Medium,0.02,MM,TRUE,TRUE,TRUE,TRUE,established integration method
0011O000027BrmO,Fraco Products Ltd.,Customer,Medium,0.17,SMB,,,,,flat file or unidentified method
0015Y00002oDnb5,Battle Motors,Customer,High,0.31,MM,,TRUE,,,established integration method
0011O000024zNrB,Roland Dga,Former Customer,Churning,,MM,TRUE,,,,established integration method
0015Y00002rmCo4,AviaGames,Customer,Medium,0.14,SMB,,,,TRUE,established integration method
0015Y000068fBmS,"Smart Chemical Solutions, LLC",Customer,Medium,0,SMB,,,,,flat file or unidentified method
0011O000022InY2,IMG Academy,Customer,Medium,0.2,ENT,,,,TRUE,established integration method
0011O000022HqMj,Quid,Former Customer,High,,MM,,,,,flat file or unidentified method
0015Y00002Zuuem,"Prime ABA Holdings, Inc.",Former Customer,Churning,,SMB,,,,,flat file or unidentified method
0011400001s5COZ,Mesa Laboratories,Former Customer,Churning,,MM,,,,,flat file or unidentified method
0011O00001yoYDE,"Veritone, Inc.",Former Customer,Churning,,MM,,,,,flat file or unidentified method
0015Y00002roHLDQA2,"Ottawa Tourism and Convention Authority, Inc.",Customer,Low,,CAN,,,,TRUE,established integration method
0011O00001xXyxu,Wheels Up Partners LLC,Customer,High,,ENT,TRUE,,,TRUE,established integration method
001OO000008xWYj,APS Group,Customer,Medium,,UK,,,,,flat file or unidentified method
0011O00002GJFXv,"DMSi Holdings, Inc.",Former Customer,Churning,,MM,,,,,flat file or unidentified method
0015Y00006IevJJ,PTV Logistics GmbH,Customer,Low,,Intl,,,TRUE,,established integration method
0011400001ckgZA,"Falconstor Software, Inc.",Former Customer,Churning,,SMB,,,,TRUE,established integration method
0011O0000241thF,Xometry Inc,Former Customer,Churning,,MM,,TRUE,,TRUE,established integration method
0011O00002GJR2d,Branded Entertainment Network,Former Customer,Churning,,MM,,,,TRUE,established integration method
001a000001F4R5E,"R. P. Lumber Co., Inc.",Former Customer,Churning,,MM,,,,,flat file or unidentified method
0011400001hEh6Y,Cenduit LLC,Former Customer,Churning,,MM,,,,,flat file or unidentified method
0015Y000056gO6H,Easterseals MORC,Customer,Low,,SMB,,,,,flat file or unidentified method
0011O00001ykZTT,Pendo Inc,Former Customer,Churning,,MM,,,,,flat file or unidentified method
001OO00000Qt0qY,Intermountain Home Services,Customer,Low,,MM,,,,TRUE,established integration method
001OO00000K59s5YAB,LUEHR FILTER GmbH,Customer,Low,,Intl,,,TRUE,,established integration method
0011O00002SqcPhQAJ,DecisionPT,Customer,Low,,MM,,,,,flat file or unidentified method
0015Y00002Zv1d8,"MountainSeed Appraisal Management, LLC",Customer,Low,0.43,FINS,TRUE,,,,established integration method
0011400001eefZR,"BNSF Logistics, LLC",Customer,Medium,0.33,MM,,,,,flat file or unidentified method
0015Y000049lJxI,Power Utility Products,Customer,Churning,1,SMB,,,,TRUE,established integration method
0013000000qI0VI,Stabilis Solutions,Customer,Low,0.03,MM,,,,,flat file or unidentified method
0011O00002GJEam,ReturnPro,Customer,Low,0.24,MM,,,,TRUE,established integration method
0011O00002JklrY,Neighbourly Pharmacy Inc.,Customer,Low,0.07,CAN,,,,TRUE,established integration method
0013000000qI0Ey,Newfoundland AND Labrador Liquor Corp.,Customer,Low,0,CAN,TRUE,,,,established integration method
0011O00002OLlUb,IFF,Customer,Medium,0.29,FINS,,,TRUE,TRUE,established integration method
0015Y00002Zv0gP,"Facing History and Ourselves, Inc.",Customer,Low,0.4,MM,,,,TRUE,established integration method
0011400001ueQ2R,"Minnesota United Soccer Club, LLC",Customer,Low,0.04,MM,TRUE,,,,established integration method
001OO00000LNxg7,Sylmar Group,Customer,Low,0.1,MM,,,,TRUE,established integration method
001a000001NAZOG,ADAC Automotive Inc.,Customer,Medium,0.46,MM,TRUE,,,,established integration method
0011O000022Iu6R,Renovo Solutions,Customer,Low,0.2,MM,,,,TRUE,established integration method
001OO00000Avnkb,AS Piletilevi Group,Customer,High,0.07,Intl,,,,,flat file or unidentified method
0011400001qzEFB,Vanderlande Industries B.V.,Customer,Low,0,Intl,TRUE,,TRUE,,established integration method
001a000001TNjOd,CareRx Corporation,Customer,Low,0.01,CAN,TRUE,,,,established integration method
0011O00002KAwjM,ComediHa! Inc.,Customer,Medium,0.71,CAN,,,,,flat file or unidentified method
0015Y00002Zv6lW,Bluewater Development Corporation,Customer,Churning,0.81,FINS,,,,TRUE,established integration method
0011O00002GJN6I,Senske Services,Customer,Low,0,MM,,,,TRUE,established integration method
0015Y00002wEpbW,CNP Santander Insurance Services Ireland Limited,Customer,Low,0.08,UK,,,,,flat file or unidentified method
0015Y00005rfaI5,EQ United,Customer,Low,0.18,SMB,,,,TRUE,established integration method
0011O00002OLncq,"Toyota Connected North America, Inc.",Customer,Low,0.01,MM,,,,TRUE,established integration method
0015Y00002ZvINN,Kura Sushi USA,Customer,Low,0,ENT,TRUE,,,,established integration method
0011O00002UUkoF,Redwood Credit Union,Customer,High,0.07,FINS,TRUE,,,,established integration method
0011O00002DMoQn,Hittle Landscape,Customer,Medium,0.93,SMB,,,,,flat file or unidentified method
0015Y00002yPtXA,BE Power Equipment,Customer,Medium,0.01,CAN,,,TRUE,,established integration method
0015Y00003B77WGQAZ,"Axial Healthcare, Inc. dba Wayspring",Customer,Low,,MM,,,,TRUE,established integration method
0011O0000250Pum,WOW Tech Group,Former Customer,High,,CAN,,,,TRUE,established integration method
0011O00002OOepZ,Pilgrim's,Customer,Low,,ENT,,,TRUE,,established integration method
0015Y00002ozd5L,Siprocal,Former Customer,Churning,,MM,,,,TRUE,established integration method
0011O00002GJEL1,SEIU Local 1000,Former Customer,Churning,,SMB,,,,TRUE,established integration method
0011400001pYR03AAG,ICG Medical,Customer,Low,,UK,TRUE,,,TRUE,established integration method
0015Y00002eGJgq,Gretna Green Ltd,Customer,High,,UK,,TRUE,TRUE,,established integration method
0011O00002CcopD,BioVectra Inc.,Former Customer,Churning,,CAN,TRUE,,,,established integration method
0011O0000250DO9,Museum of Life and Science,Customer,Low,,MM,,,,TRUE,established integration method
0013000000qHzkg,GE Capital,Former Customer,,,SUB,,,,,flat file or unidentified method
0015Y000032IuKkQAK,i-80 Gold Corp,Customer,Low,,MM,,,,,flat file or unidentified method
0011O000021L4tu,Coastal Community Bank,Customer,Medium,,FINS,,,,,flat file or unidentified method
0011400001pYOvH,GXO Logistics UK II Limited,Former Customer,High,,UK,,,,,flat file or unidentified method
0011400001tGYZn,"Silvercar, Inc.",Former Customer,Churning,,SUB,,,,,flat file or unidentified method
001OO00000Z8tnzYAB,Forward Ability Support,Customer,Low,,Intl,,,,,flat file or unidentified method
0011O0000250X7g,"Wasabi Technologies, Inc.",Former Customer,Churning,,MM,,,,TRUE,established integration method
0015Y00002ZvI0z,MeTEOR Education LLC,Former Customer,Churning,,MM,TRUE,,TRUE,,established integration method
001OO00000E3IOa,A.forall Group NV,Customer,Low,,Intl,,,TRUE,,established integration method
0015Y00002ZvHBl,Carver Companies,Customer,Low,,MM,TRUE,,,,established integration method
0011O00002OLsBw,OneLocal Bank,Customer,Low,0.1,FINS,TRUE,,,,established integration method
0011400001e30uB,"Sports Endeavors, Inc.",Customer,Medium,0.04,MM,TRUE,,,,established integration method
0015Y00004T63t4,Dianthus Therapeutics,Customer,Medium,0.07,SMB,,,,TRUE,established integration method
0011O00002ON3mh,Technology & Services Industry Association,Customer,Low,0.03,MM,,,,TRUE,established integration method
0015Y00002yPkOI,Rusty Lantern Markets,Customer,Medium,0.45,MM,TRUE,,,,established integration method
0011O000022JNge,WWF Canada,Customer,Low,0,CAN,TRUE,,TRUE,,established integration method
0011400001qzKlF,Torchy's Tacos,Customer,Churning,0.61,ENT,,,,TRUE,established integration method
0015Y00002c2LFD,Race Forward,Customer,Low,0.43,SMB,,,,TRUE,established integration method
0011O00002506Zb,View Homes,Customer,Low,0,SMB,,,TRUE,,established integration method
0015Y00002wbNkw,Citrin Cooperman Advisors LLC,Customer,Low,0.08,ENT,TRUE,TRUE,TRUE,TRUE,established integration method
0011400001pYSyN,Gift Universe Group,Customer,Medium,0.24,UK,,,,,flat file or unidentified method
0015Y00002eG7iJ,Beacon Rail Leasing S.à r.l,Customer,High,0.11,Intl,TRUE,TRUE,TRUE,,established integration method
0011O0000241vor,ProntoForms Inc.,Customer,Low,0.02,CAN,,,,TRUE,established integration method
0011400001qzAnf,"Fikes Wholesale, Inc.",Customer,Churning,0.24,ENT,TRUE,,,TRUE,established integration method
001a000001MALQa,Smurfit Westrock Packaging Solutions,Customer,Medium,0.02,SUB,,,,,flat file or unidentified method
0011O00002AkHXT,Revature,Customer,High,0.11,ENT,,,,TRUE,established integration method
001a000001XQUBu,"Eat'N PARK Hospitality Group, Inc.",Customer,Low,0.11,ENT,TRUE,,,TRUE,established integration method
0011O00002GJPnD,"ASA Automotive Systems, Inc. and its Affiliates",Former Customer,High,0.81,SUB,,,,,flat file or unidentified method
0015Y00002Ybge6,Global Organics Ltd.,Customer,Low,0.03,MM,,,,TRUE,established integration method
0011400001s5D6R,Greater Philadelphia YMCA,Customer,Low,0.1,ENT,,,,TRUE,established integration method
001a000001UxnzC,Paylocity,Partner Prospect,High,,ENT,,,,,flat file or unidentified method
0015Y00004JecFl,Anatomy IT,Customer,High,0.33,MM,,,,,flat file or unidentified method
0011O00002429BJ,Campus Advantage,Customer,Churning,0.09,FINS,TRUE,TRUE,TRUE,,established integration method
001OO00000Thn00,BMH,Customer,Medium,0.01,MM,TRUE,,,TRUE,established integration method
0011400001pYRRi,Crowe U.K. LLP,Customer,High,0.49,Intl,TRUE,,,,established integration method
0011400001pYOJa,Carr's Group Plc.,Former Customer,Churning,,UK,,,,,flat file or unidentified method
0011O00001ymGUk,Marlin Brands,Former Customer,Churning,,Intl,,,,,flat file or unidentified method
0011400001s5DES,Eureka Food Enterprises,Former Customer,High,,MM,,TRUE,,,established integration method
0011O00002Ddo0N,Wiggin,Former Customer,Churning,,UK,,,,,flat file or unidentified method
0011O00002SoJet,Spikeball Inc.,Customer,High,,SMB,,,,TRUE,established integration method
0011O00001yoBxG,Sky Ranches Inc,Former Customer,Churning,,MM,,,,TRUE,established integration method
001OO00000TQAheYAH,MADx – Macro Array Diagnostics,Customer,Low,,Intl,,,,,flat file or unidentified method
0015Y00004T6IafQAF,Ipswich Town Football Club,Customer,Low,,UK,,,,TRUE,established integration method
0011O000024ztku,MarketWise,Former Customer,Churning,,MM,,,TRUE,TRUE,established integration method
0015Y00002tDO2s,Radio Systems Corporation,Former Customer,Churning,,MM,TRUE,TRUE,,,established integration method
0015Y00002yPfZVQA0,Lucid Group Communications Limited,Customer,Low,,UK,,,,TRUE,established integration method
0011O000022HO7fQAG,Volunteers of America Oregon Inc.,Former Customer,Churning,,MM,,,,TRUE,established integration method
0011O000021L9VA,ISG Technology LLC and is Affiliates,Former Customer,High,,MM,,,,TRUE,established integration method
0015Y00002tDz5h,"Marcatel.com, S.A. DE C.V.",Former Customer,Churning,,Intl,,,,,flat file or unidentified method
0011O0000250hmW,De Havilland Aircraft of Canada Limited,Customer,Low,0.07,CAN,,,TRUE,,established integration method
0011400001pYOjW,Wesleyan Assurance Society,Customer,Low,0.12,UK,,,,,flat file or unidentified method
0011400001pYQ7P,Huws Gray Limited,Customer,Low,0.05,UK,TRUE,,,,established integration method
0015Y00006FFNJG,EnerStar Solutions,Customer,High,0.54,SMB,TRUE,,,TRUE,established integration method
0011O00001zxNZM,Harold Grinspoon Foundation,Customer,Low,0.05,MM,,,,TRUE,established integration method
0015Y00004T5zk2,"Washington Soccer Properties, LLC d/b/a Washington Spirit",Customer,Low,0.01,SMB,,,,TRUE,established integration method
0015Y00002ZvCbM,American Standard Circuits Inc,Customer,Churning,0.85,MM,,TRUE,,,established integration method
0013000000qHwgG,Peregrine Hospitality Group,Customer,High,0.08,ENT,TRUE,TRUE,,TRUE,established integration method
0011400001mtBRA,Trinity Western University,Customer,High,0,CAN,TRUE,,,,established integration method
0015Y00002yQkEY,Warehouses de Pauw NV,Customer,Low,0.01,Intl,TRUE,,TRUE,,established integration method
0011O00002AKPwV,Campos EPC,Customer,Low,0.05,MM,,TRUE,,,established integration method
0011400001s5EZr,KLJ,Customer,Low,0.5,MM,,TRUE,,,established integration method
0011O000022JiPJ,Steffes Group,Customer,Medium,0.01,SMB,,,,TRUE,established integration method
0015Y00002cid4L,International Institute of New England,Customer,Low,0.03,MM,,,,TRUE,established integration method
0013000000qHwnp,Jordano's Inc,Customer,Medium,0.51,MM,TRUE,,,,established integration method
0013000000qI04J,Young Life,Customer,Low,0.04,ENT,TRUE,,TRUE,,established integration method
0011400001qzEVs,"Scientific Protein Laboratories, LLC",Customer,Low,0.2,MM,,,,,flat file or unidentified method
001OO000009EJQh,Philanthropy Roundtable,Customer,Low,0.13,SMB,,,,TRUE,established integration method
0011O00001zxNZ8,The Wolff Company,Customer,Medium,0.36,FINS,TRUE,,,,established integration method
0015Y00002tETCb,"Esperer Holdings, Inc.",Customer,Medium,0.06,SMB,TRUE,,,TRUE,established integration method
0013000000qHxHM,National Football League,Customer,Medium,0.03,ENT,TRUE,,,,established integration method
0011400001s5E40,Goddard Riverside Community Center,Customer,Low,0.01,MM,,,,TRUE,established integration method
0011O00002Mj5M0,Southern HealthCare Management LLC,Customer,Low,0.02,MM,,,,TRUE,established integration method
001a000001UwI4d,"QualiTech, LLC",Customer,High,,MM,,,,,flat file or unidentified method
001OO00000I0hkHYAR,Oncoc4,Customer,Low,,SMB,,,,TRUE,established integration method
0011400001s5EBu,Gutchess Lumber Company,Former Customer,Churning,,MM,,,,,flat file or unidentified method
0015Y00002ZuoIv,Spectrum Water Technology,Former Customer,Churning,,SMB,TRUE,,,,established integration method
0011400001mt7XP,QSC,Former Customer,Churning,,MM,,,,,flat file or unidentified method
0015Y00004iCs4u,Velsera Inc.,Former Customer,High,,MM,,,,,flat file or unidentified method
0011O000022I05c,Orlando City SC,Former Customer,Churning,,MM,,,,,flat file or unidentified method
0015Y00002yQ2Oe,Cameron Development Corp. Ltd.,Former Customer,Churning,,CAN,,,,,flat file or unidentified method
0013000000qHx7q,New York Community Bank,Former Customer,Churning,,ENT,,,,,flat file or unidentified method
0011400001bQyH2,"Vertex Energy, Inc.",Former Customer,High,,MM,,,,,flat file or unidentified method
0011400001qeV0U,Vancouver Whitecaps FC LP,Former Customer,Churning,,CAN,,,,,flat file or unidentified method
0011O00002GJNKt,Pacific Clinics,Former Customer,Churning,,MM,,,,,flat file or unidentified method
0015Y00003YlERQ,Enable,Former Customer,Churning,,MM,,,,TRUE,established integration method
0015Y00002ZuHKB,SoftMoc Inc,Customer,High,,CAN,,,,,flat file or unidentified method
0011O0000242HMx,Axiom Medical Consulting LLC,Former Customer,Churning,,MM,,,,,flat file or unidentified method
0011O000021LBz7,Achievement Network (ANet),Former Customer,Churning,,MM,TRUE,,,,established integration method
0013000000qHwym,"NEW YORK Independent System Operator Inc., The",Customer,Low,0.29,MM,,,,,flat file or unidentified method
0011400001qeUOS,Prosper Marketplace Inc.,Customer,Low,0.02,FINS,,,,TRUE,established integration method
0011O0000241njh,Orchestra,Customer,High,0.45,MM,TRUE,TRUE,,TRUE,established integration method
0015Y00002lKqHrQAK,"PayCargo, LLC",Customer,Low,0,FINS,,,,TRUE,established integration method
0011O000024ywkt,"Forever Orange, LLC",Customer,Medium,0.02,MM,TRUE,,,,established integration method
0011O00002518aH,"Surgical Solutions, LLC",Customer,Low,0.1,MM,,,TRUE,TRUE,established integration method
0011O00002AjxLu,Axios Media Inc.,Customer,High,0.01,MM,,,,TRUE,established integration method
0011O00002VQ8l1,J.A. Watts Inc.,Customer,High,0.19,MM,TRUE,,,,established integration method
0011400001rMCRZ,Spectrum Retirement Communities,Customer,Low,0,ENT,,TRUE,TRUE,,established integration method
0011O00002DeIOa,RIDE,Customer,Churning,0.86,ENT,TRUE,,,,established integration method
0011O00001yklti,Pipedrive Inc.,Customer,Low,0.05,MM,TRUE,,,TRUE,established integration method
0011400001qz8cV,"Dakota Supply Group, Inc.",Customer,Churning,0.79,MM,,,,,flat file or unidentified method
0015Y00002uN3cM,Northcare Ltd,Customer,Medium,0.26,UK,,,,,flat file or unidentified method
0015Y00002g3jav,Backbase B.V.,Customer,High,0.33,Intl,,,,TRUE,established integration method
001OO000005maEQ,Forgeline Solutions,Customer,Low,0,SMB,,,,TRUE,established integration method
0011O00002OMwnd,Payouts Network,Customer,Low,0.02,FINS,,TRUE,TRUE,,established integration method
0015Y00003Ymmwu,Emil Anderson Group,Customer,Medium,0.05,CAN,TRUE,,TRUE,,established integration method
0011O000024yyjq,American First Finance LLC,Customer,Medium,0.04,FINS,TRUE,,,TRUE,established integration method
0011400001pYOIV,Porterbrook Leasing Company Limited,Customer,Low,0.5,UK,TRUE,,,,established integration method
0011O00001yoCYR,City of North Augusta,Customer,Low,0.37,MM,,,,TRUE,established integration method
0011400001dQGOp,Boston College High School,Customer,Low,0.02,MM,,,,,flat file or unidentified method
001OO00000I7XGD,Oak Hill Bio Ltd,Customer,Low,0.22,SMB,,,,TRUE,established integration method
0011O00001ylC47,Agoda International PTE Ltd,Former Customer,High,,Intl,,,,,flat file or unidentified method
0015Y00002Zv9qPQAR,Arena Operating Company-Florida Panthers,Customer,Low,,MM,,,,TRUE,established integration method
0011400001pYQbI,Universities Superannuation Scheme Limited,Customer,Low,,UK,,,,,flat file or unidentified method
0011O00002GKaSS,The Step2 Company LLC,Customer,High,0.14,MM,TRUE,,,,established integration method
0011400001qz6JE,The Regional Municipality of Durham,Customer,Low,0.56,CAN,,,TRUE,,established integration method
0011400001pYRGH,Colart International Holdings Ltd,Customer,Low,0.06,UK,,TRUE,TRUE,,established integration method
001a000001UxnOS,Kinecta Federal Credit Union,Customer,High,0.23,FINS,TRUE,,,,established integration method
0011400001s4wjW,Arctic Industries Inc,Former Customer,Churning,,SMB,,,,,flat file or unidentified method
0015Y00006FEzhO,Jbb Advanced Technologies,Former Customer,Churning,,SMB,,,,,flat file or unidentified method
0011400001qzEPK,"Muscular Dystrophy Association, Inc.",Former Customer,Churning,,MM,TRUE,,,,established integration method
001OO00000OYDOPYA5,Sero,Customer,Low,,Intl,,,,,flat file or unidentified method
0011O00002LRksN,Olympia Federal Savings,Former Customer,Churning,,FINS,TRUE,,,,established integration method
0015Y000049ijcTQAQ,CrashPlan Group LLC,Customer,Low,,ENT,,,TRUE,TRUE,established integration method
0011O00002JGZLB,Climate Pros,Former Customer,Churning,,ENT,TRUE,,,,established integration method
0015Y00002q0E5I,"MadHive, Inc.",Former Customer,Churning,,SMB,,TRUE,,TRUE,established integration method
0015Y00002ZvF2I,Myunidays Limited,Former Customer,High,,UK,,,,,flat file or unidentified method
0011400001qzCWE,"CARE Wisconsin First, Inc.",Former Customer,Churning,,MM,,,,,flat file or unidentified method
0011O0000241pzr,Gotham Greens,Former Customer,Churning,,MM,TRUE,,,,established integration method
001OO00000KKjv9,Green Build,Customer,Low,,Intl,,,,,flat file or unidentified method
0011O00002GKAYE,CSV Midstream Solutions Corp,Former Customer,Churning,,CAN,,,,,flat file or unidentified method
0011O000024ym0V,Bell's Brewery Inc,Former Customer,High,,MM,,,,,flat file or unidentified method
0015Y00002uNrAb,SJC Ventures,Former Customer,Churning,,SMB,,,,TRUE,established integration method
0015Y00003YlEpw,TransNetwork LLC,Customer,Low,,FINS,,,,,flat file or unidentified method
0015Y00002yPnjk,La Corporation Strom Inc.,Customer,Low,,CAN,,,,TRUE,established integration method
0011400001s5CQiAAM,Belmont Village L.P,Customer,Low,,ENT,,,,,flat file or unidentified method
0011400001tFTtJ,Atterbury Property Holdings,Former Customer,Churning,,SMB,TRUE,,,,established integration method
0011O00002HsHM9,Anthemis Group,Former Customer,Churning,,UK,,,TRUE,,established integration method
0011400001qzDUU,"NIKE International, Ltd.",Former Customer,Churning,,ENT,,,,,flat file or unidentified method
0011O000024zJOT,"Sovos Brands Intermediate, Inc.",Former Customer,High,,MM,,TRUE,,,established integration method
0011O000024zduR,Veru Inc.,Customer,High,0.79,MM,,,,,flat file or unidentified method
0011O0000241lhy,Chargers Football Company LLC,Customer,Low,0.53,MM,,,,TRUE,established integration method
0011O00002GJPYW,Kinly Holding BV,Customer,Medium,0,Intl,,,,,flat file or unidentified method
001OO00000EtC0V,"GGG TopCo, LLC",Customer,Medium,0.15,SMB,,,TRUE,TRUE,established integration method
0011400001qzATN,"Tosoh America, Inc.",Customer,Low,0,MM,TRUE,TRUE,,,established integration method
0011400001eegjZ,"Transcat, Inc.",Customer,Low,0,MM,TRUE,,,,established integration method
0011O00002BPn1W,Direct Rail Services Limited.,Customer,Medium,0.02,UK,,,,,flat file or unidentified method
0015Y00003Di0AC,Totara,Customer,Medium,0.17,UK,,,,TRUE,established integration method
0015Y00002mnAoK,Integrated Specialty Coverages,Customer,Low,0,SUB,TRUE,,,,established integration method
0011O0000251USs,Rivergate KW Management LLC,Customer,Medium,0.2,FINS,TRUE,,,,established integration method
0011O00001zx36q,Pancreatic Cancer Action Network,Customer,Low,0.03,MM,,,TRUE,TRUE,established integration method
0015Y00002Zuvj9,Touchstone Living Inc,Customer,High,0.17,FINS,TRUE,,,,established integration method
0011O00002Bs8iC,J. Murphy & Sons,Customer,Low,0.1,UK,,,TRUE,,established integration method
0011400001pYQe5,World Courier Management Ltd.,Customer,Low,0.07,Intl,TRUE,,,,established integration method
0011O000022GwMi,Trustone Financial Credit Union,Customer,Low,0.01,FINS,TRUE,,,,established integration method
0011O00002D5KDH,Catholic Charities Hawaii and its Affiliates,Customer,Low,0.25,MM,,TRUE,TRUE,TRUE,established integration method
0015Y00002zzgfB,"Rugged Solutions America, LLC",Customer,High,0.96,SMB,TRUE,,,TRUE,established integration method
0013000000qHzNu,World Wildlife Fund,Customer,High,0.06,ENT,,,,,flat file or unidentified method
0011400001pYRX4,JATO Dynamics,Customer,Low,0.06,UK,,TRUE,,,established integration method
0015Y00002tEPBlQAO,Coastal Horizons Center,Customer,Low,0,MM,,,,,flat file or unidentified method
0015Y00002Zv9Ea,Grayson Carter & Son Contracting Inc,Customer,Churning,0.9,MM,,,,,flat file or unidentified method
001OO00000dundtYAA,S3 AeroDefense,Customer,Low,,MM,,,,,flat file or unidentified method
0011400001qzGnH,Marcon Group of Companies,Customer,Low,0,CAN,TRUE,,TRUE,,established integration method
001OO00000ehiJqYAI,Liberty Paving Partners LLC,Customer,Low,,SMB,,,,TRUE,established integration method
001a000001YLR7h,Allucent,Former Customer,Churning,,MM,,,,,flat file or unidentified method
0013000000qHxAb,Public Health Solutions,Former Customer,Churning,,MM,,,,,flat file or unidentified method
001a000001Vm0GL,Tana-Tex Inc.,Former Customer,,,SMB,,,,,flat file or unidentified method
0011O00001xL11c,UKRNAFTA,Former Customer,Churning,,Intl,,,,,flat file or unidentified method
0011O00002ErBnA,Calibre Mining Corp,Former Customer,Churning,,CAN,,,,,flat file or unidentified method
0011O00002IOp0X,Instar Asset Management Inc.,Former Customer,Churning,,CAN,,,,,flat file or unidentified method
0015Y00002yPcKC,Locus Fermentation Solutions,Former Customer,Churning,,SMB,,,,TRUE,established integration method
0011O00002NckfHQAR,Iacmi (Collaborative Comp Solutions),Customer,Low,,SMB,,,,,flat file or unidentified method
0015Y00005cWKeT,"North Road Opco, LLC",Customer,Medium,,Intl,,,,TRUE,established integration method
001OO00000AlSxa,Eclipse Holding LLC,Former Customer,Churning,,SMB,,,,,flat file or unidentified method
0011O000022HFrw,Knix Wear Inc.,Former Customer,Churning,,CAN,,,,TRUE,established integration method
001OO00000CcBux,Celavita Foods BV,Former Customer,Low,,Intl,,,,,flat file or unidentified method
0011O00002BqPHI,Zoovu (USA) Inc.,Customer,Medium,,MM,TRUE,,,TRUE,established integration method
0011O00002OLsRU,Bishop Gadsden Episcopal Retirement Community,Customer,High,,MM,,,,TRUE,established integration method
0011400001s5D8o,Whiplash,Former Customer,High,,MM,TRUE,,,,established integration method
0011O0000251AGM,Decibel Cannabis Company,Former Customer,High,,CAN,,,,,flat file or unidentified method
0015Y00002yPxPP,"Lincoln Property Company Management, Inc.",Customer,Medium,,MM,TRUE,TRUE,TRUE,,established integration method
0011O00002GJE06,Sandy Alexander Inc,Former Customer,High,,MM,,,,,flat file or unidentified method
0011400001s4xXw,RedViking,Former Customer,Churning,,SUB,,,,,flat file or unidentified method
0011400001qzNCJ,Husson University,Former Customer,Churning,,MM,,,,,flat file or unidentified method
0013000000qHzaI,Dalhousie University,Former Customer,Churning,,CAN,,,,,flat file or unidentified method
0015Y00002wcKlqQAE,Trace Associates,Customer,Low,,CAN,,,,,flat file or unidentified method
0011O000024zUcW,"Ivalua, Inc.",Customer,Low,0.03,MM,TRUE,,,TRUE,established integration method
0011400001qz6RS,Atlas Copco IAS UK Ltd,Customer,Low,0.4,UK,,,,,flat file or unidentified method
0011O00002JJ2Yf,New Mexico Educational Assistance Foundation,Customer,Churning,0.75,MM,,,,,flat file or unidentified method
0015Y00003YlDWc,First In Service Travel,Customer,Low,0.07,SMB,,,,,flat file or unidentified method
0011O00002503Mr,Molymet Corporation,Customer,Low,0.18,UK,,,TRUE,,established integration method
0015Y00002ZwMUj,"Icario, Inc.",Customer,Medium,0.31,SMB,,,,TRUE,established integration method
001OO000002f2Cr,YMCA BC,Customer,Medium,0.05,CAN,TRUE,,,TRUE,established integration method
0011O00002FFjbv,Greyston Foundation Inc.,Customer,High,0,SMB,,,,TRUE,established integration method
001a000001T5jdo,Badger Mining Corporation,Customer,Low,0.01,MM,TRUE,TRUE,TRUE,,established integration method
0015Y00004eCncX,"Helios CR, Inc.",Customer,High,0.23,MM,,,,TRUE,established integration method
0011400001pYQ1v,GB Railfreight Limited,Customer,Low,0.03,SUB,TRUE,,,,established integration method
001OO00000IAG7Z,IMS Legal Strategies,Customer,Low,0.03,MM,,,TRUE,TRUE,established integration method
0015Y00004zgbQw,Vesta Software Group,Customer,High,0.09,UK,TRUE,,,,established integration method
001OO00000Kk32g,JucaBio,Customer,Churning,0.36,SMB,,,,TRUE,established integration method
0011400001kgqKo,Immanuel,Customer,Low,0.01,MM,TRUE,,,,established integration method
0011O000022Kqop,Wine.com,Customer,Low,0.07,MM,,,TRUE,,established integration method
001a000001Ru3sI,Baltimore Ravens Limited Partnership,Customer,Low,0,MM,,,,TRUE,established integration method
001OO000001kmFa,WB Resident Services LLC,Customer,Low,0.1,ENT,TRUE,,TRUE,,established integration method
0011O000022IJfy,Ordnance Survey,Customer,Low,0.01,UK,,,,,flat file or unidentified method
0011O000024zwlP,Data Center Inc.,Customer,Medium,0.12,MM,,,,TRUE,established integration method
0011O000022JfGa,Robeco Institutional Asset Management bv,Customer,Low,0.39,Intl,TRUE,,TRUE,,established integration method
0015Y00002ZuRop,AromaTech Inc,Customer,Churning,0.91,SMB,,,,TRUE,established integration method
0015Y00002oCYiH,Kallidus Limited,Customer,Low,0.01,UK,,,,TRUE,established integration method
001OO00000XuUWkYAN,Grassroots Carbon,Customer,Low,,SMB,,,,TRUE,established integration method
0011O000022JE7h,"Verato, Inc.",Former Customer,Churning,,SMB,,,,TRUE,established integration method
0011O00002XgDfz,Bow Medical,Former Customer,Churning,,Intl,,,,,flat file or unidentified method
0011O000024znu7,GNS America,Customer,Low,0.21,MM,,,TRUE,,established integration method
0015Y00002xEZqU,Vive Crop Protection,Customer,Medium,0.02,CAN,TRUE,,TRUE,TRUE,established integration method
001OO00000I8KIu,ACLU Massachusetts,Customer,Low,0.77,SMB,,,,TRUE,established integration method
0011O00002GJMnU,State Fair of Texas,Customer,Low,0,SMB,TRUE,,,,established integration method
0011O00002VPvr5,HomeTown Ticketing Inc.,Former Customer,High,0.86,MM,,,,TRUE,established integration method
001OO00000V8Y9HYAV,Moshal Program,Customer,Medium,,UK,,,,,flat file or unidentified method
0015Y00002pzJwK,UTAC HOLDING,Customer,Low,0.07,Intl,,,,,flat file or unidentified method
0011400001qzAP8,"The Modern Group, Ltd.",Customer,Low,,MM,TRUE,,,,established integration method
0011400001s5EYrAAM,John F. Kennedy Center for the Performing Arts,Customer,Low,,MM,,,,TRUE,established integration method
0015Y00004vUyrl,All Clear,Former Customer,Churning,,SMB,TRUE,,,TRUE,established integration method
001a000001Qh6sX,Jolera Inc.,Former Customer,Churning,,CAN,,,,,flat file or unidentified method
0015Y00003h0ZyO,Austell Pharmaceuticals (PTY) Limited,Former Customer,Churning,,Intl,TRUE,,,,established integration method
0015Y00002YbRd8,Farm Credit of Central Florida,Former Customer,Churning,,SUB,,,,,flat file or unidentified method
001OO00000PYPwr,The Millboard Company Limited,Customer,High,,UK,,,,,flat file or unidentified method
0011400001lGATO,MasterCorp Inc.,Former Customer,High,,MM,TRUE,,,,established integration method
0011400001bR7rH,Alaska Native Tribal Health Consortium,Former Customer,Churning,,ENT,,,,,flat file or unidentified method
0015Y00004T7m8B,Venesky Brown,Customer,Low,,UK,,,,,flat file or unidentified method
0011O00001yoXzM,McKeil Marine Limited,Former Customer,Churning,,CAN,,,,,flat file or unidentified method
0015Y00002wQ6Yy,Sightline Payments,Former Customer,Churning,,SUB,,,,TRUE,established integration method
001OO00000RNDzcYAH,Story Cannabis,Customer,Low,,SMB,,,,TRUE,established integration method
001a000001Jer10,Biola University Inc.,Former Customer,Churning,,MM,TRUE,,,,established integration method
0011400001qzGCw,Toronto Parking Authority,Customer,Medium,,CAN,,,TRUE,,established integration method
0015Y000069w19g,Navigatr CS (Canada) Inc.,Former Customer,Churning,,CAN,TRUE,,,,established integration method
0011400001pYPqcAAG,Edinburgh Airport,Customer,Low,,UK,TRUE,,TRUE,TRUE,established integration method
0011400001eegCW,Marmon/Keystone Canada,Former Customer,High,,CAN,,,,,flat file or unidentified method
001OO00000OfXyI,Compass Communities,Customer,Medium,,CAN,,,,,flat file or unidentified method
0015Y000056flN3,Fairfax & Favor,Customer,Low,,UK,,,,,flat file or unidentified method
001a000001U0CLf,Lifecore Biomedical,Customer,Low,0.03,SUB,,,,,flat file or unidentified method
0011O000022HFRx,DELTA Fiber Nederland B.V.,Customer,Medium,0.01,Intl,TRUE,,,,established integration method
0015Y00002YbLWi,Stellar Senior Living LLC,Customer,Low,0.1,SMB,TRUE,,,,established integration method
001a000001TNdDR,Clientele Life,Customer,Low,0.06,Intl,TRUE,,TRUE,,established integration method
0011O00001xS4Fm,iWave,Customer,Low,0.05,CAN,,,,TRUE,established integration method
0015Y00002g3UqZ,Maurice Zeffert Home Inc.,Customer,Churning,0.66,Intl,,,,,flat file or unidentified method
0011400001hER7a,BDO Shared Services (Pty) Ltd.,Customer,Medium,0.27,Intl,TRUE,,,,established integration method
001a000001LH4E9,"Crest Operations, LLC and its parent, subsidiaries and affiliates",Customer,Low,0.02,MM,,TRUE,,,established integration method
0015Y00004eCW2t,Amalgamated Foundation,Customer,Low,0.17,MM,,,,,flat file or unidentified method
0011400001qzEwN,Caltrol,Customer,Low,0.04,MM,TRUE,,,,established integration method
0011400001qzPxo,Florence Corp.,Customer,Medium,0.01,MM,,TRUE,,,established integration method
0015Y00003zeyRF,Tle' Nax T'awei Group,Customer,Low,0.02,CAN,,,,,flat file or unidentified method
0011400001hFDJ7,American Academy of Neurology,Customer,Low,0.04,MM,,,,TRUE,established integration method
0011400001s4wrX,"Channel Fish Processing Company, Inc.",Customer,Low,0.01,MM,,,,,flat file or unidentified method
0011O00002GZJFK,Groupe Média TFO,Customer,Medium,0.01,CAN,,,,,flat file or unidentified method
0011400001s4xMq,Mission Rock Residential LLC,Customer,Low,0,FINS,TRUE,TRUE,,,established integration method
0011400001qzCwA,Alamos Gold Inc,Customer,Churning,0.55,CAN,TRUE,,,,established integration method
0011O00002GJKUR,Ps Lightwave,Former Customer,Churning,,SMB,TRUE,,,,established integration method
0011400001pYQM4,Crystal Palace FC,Customer,Low,,UK,,TRUE,,,established integration method
001OO00000DrUet,PrimoHoagies Franchising,Customer,High,,SMB,,,,,flat file or unidentified method
001OO00000WkqCZ,The MacRitchie Group,Customer,Low,0.4,FINS,,,,TRUE,established integration method
0011400001s5BQk,Turlock Irrigation District,Former Customer,Churning,,MM,TRUE,,,,established integration method
0011400001qzBYaAAM,Kast Construction Co. LLC,Customer,Low,,MM,,,,,flat file or unidentified method
0015Y00002yQe0fQAC,Ballentine Partners,Customer,Low,,FINS,,,,TRUE,established integration method
0011O00002AO3TG,Center On Budget and Policy Priorities,Former Customer,Churning,,MM,,,,,flat file or unidentified method
001a000001LMTfj,"G&A Outsourcing, LLC dba G&A Partners",Former Customer,Churning,,MM,,,,TRUE,established integration method
0015Y00004OFnp4QAD,Ocean Trout Canada,Customer,Low,,CAN,,,,TRUE,established integration method
0011400001qzKEG,Triovest Realty Advisors Inc.,Former Customer,Churning,,CAN,TRUE,,,,established integration method
0011400001ckgVf,Blackhawk Technical College,Former Customer,Churning,,MM,,TRUE,,,established integration method
0013000000qHvRG,Agilus,Former Customer,High,,CAN,,,,,flat file or unidentified method
0011O00002VQhBe,R-Zero,Former Customer,High,,MM,,,,TRUE,established integration method
0011O00002501za,Heritage Cannabis Holdings Corp,Former Customer,Churning,,CAN,,,,,flat file or unidentified method
0011O00001zwYH4,Ceros,Former Customer,Churning,,MM,,,,TRUE,established integration method
0015Y00003zfDLo,Outdoor Adventure Group Corp.,Former Customer,High,,CAN,,,,,flat file or unidentified method
0015Y00003gxoXo,"Senderra RX Partners, LLC",Former Customer,Churning,,MM,TRUE,,,,established integration method
0011400001pYOtZ,GLH Hotels,Former Customer,Churning,,UK,,,,,flat file or unidentified method
0011400001qzJj1,"Unico, Inc.",Former Customer,Churning,,SUB,,,,,flat file or unidentified method
0011400001s54Sp,VBI Vaccines,Former Customer,High,,MM,,,,,flat file or unidentified method
0011O00002IvHRwQAN,"The Roderick Group, LLC dba Ardmore Roderick",Customer,Low,,MM,,,TRUE,,established integration method
00130000015eetk,Newmarket Gold Inc.,Former Customer,Churning,,SUB,,,,,flat file or unidentified method
0011400001eeSmI,Future Talent,Former Customer,Churning,,UK,,,,,flat file or unidentified method
0011O00001ylRLu,Americans for the Arts,Former Customer,High,,SMB,,,,,flat file or unidentified method
0011400001qzJ0f,Empirix Inc.,Former Customer,Churning,,MM,,,,,flat file or unidentified method
0011O00001yn3fC,Revance Therapeutics,Former Customer,Churning,,MM,TRUE,,,,established integration method
0011400001qzCbd,Nifco America Corp.,Former Customer,Churning,,ENT,,TRUE,,,established integration method
0011O00002JH6qG,Payette,Former Customer,Churning,,MM,,,,,flat file or unidentified method
0011O00002Ivh4X,Intellijoint Surgical Inc.,Former Customer,Churning,,CAN,,,,TRUE,established integration method
0013000000qHwp7,Stryker Endoscopy,Former Customer,Churning,,ENT,,,,,flat file or unidentified method
0011O00002E6YfN,"Back of The House, Inc.",Former Customer,Churning,,MM,,,,,flat file or unidentified method
0011400001s4xCm,"InterMountain Management , LLC",Customer,Medium,0,MM,,,TRUE,,established integration method
0011400001qzA4G,Boyne Resorts,Customer,Low,0,ENT,TRUE,,,,established integration method
0011O00001yoBwi,Genesys Works,Customer,Low,0,MM,,,,TRUE,established integration method
0011O00001yoC44,LanzaTech,Customer,Medium,0.35,MM,TRUE,,,TRUE,established integration method
0011O00002UUite,Centric Health,Customer,Medium,0.12,UK,TRUE,,,TRUE,established integration method
0011O000022JtIn,Joby Aviation,Customer,Low,0.02,ENT,TRUE,TRUE,TRUE,,established integration method
0013000000qHvfA,"Piper Aircraft, Inc.",Customer,Low,0.06,MM,,,,,flat file or unidentified method
0011O000022KOOI,Demers Ambulances Inc,Customer,Medium,0.01,CAN,,,,,flat file or unidentified method
0011O0000241v73,FDD (Foundation for the Defense of Democracies),Customer,Low,0.06,MM,,,,,flat file or unidentified method
0011400001pYNyL,Practice Plus Group Holdings Limited,Customer,Low,0.02,UK,TRUE,TRUE,TRUE,,established integration method
0015Y00002yQ549,Bee Maid Honey Limited,Customer,Low,0.02,CAN,,,TRUE,,established integration method
0011400001e30p6,Copperweld Bimetallics LLC,Customer,Low,0.08,SUB,,TRUE,,,established integration method
001OO000008WtHl,Project Hope Alliance,Customer,Low,0.15,SMB,,,,TRUE,established integration method
0011400001qzO2u,"Harkins Administrative Services, Inc.",Customer,Low,0.08,ENT,,,,TRUE,established integration method
0013000000qHvQv,Nova Scotia Gaming Corporation,Customer,Medium,0.33,SUB,,,,,flat file or unidentified method
0011400001bQTSa,"Tacala, LLC",Customer,Medium,0.09,ENT,TRUE,,TRUE,,established integration method
0011O000021LOZ8,Tulip Retail,Customer,Low,0.26,CAN,,,,TRUE,established integration method
0011400001lGS25,AMLI Management Company,Customer,Low,0,FINS,TRUE,,,,established integration method
0011O000024zoUj,Acme Lift Company,Customer,Low,0.34,SMB,TRUE,,,,established integration method
0013000000qHxqL,"Big West Oil, LLC",Customer,Medium,0.53,SUB,TRUE,,,,established integration method
0011400001qzAJY,"Applied Systems, Inc.",Customer,Medium,0.01,SUB,TRUE,,,TRUE,established integration method
0011400001ckgfY,"Golf & Tennis Pro Shop, Inc. d/b/a PGA TOUR Superstore",Customer,Medium,0.01,ENT,,,TRUE,,established integration method
0015Y00002YYEbh,Blackline Safety,Customer,Low,0.3,CAN,,,,TRUE,established integration method
0011O00002OLon3,"ICON VENUE GROUP, LLC d/b/a CAA ICON",Customer,High,0.66,MM,,,,,flat file or unidentified method
0015Y00004OFohH,Hennick,Customer,Low,0.05,CAN,,,,,flat file or unidentified method
0011O00002CAlxB,Sports and Leisure Management Ltd.,Former Customer,High,,UK,,,,,flat file or unidentified method
0011400001dNR8S,The Parker Management Company LLC,Customer,Medium,0.1,ENT,,,,,flat file or unidentified method
0011O00001yoCY3,Appalachian Mountain Club,Customer,Medium,0.25,MM,,,,TRUE,established integration method
0011O000021afXr,Red Dot Corporation,Customer,Low,0.09,MM,TRUE,,,,established integration method
0011400001s5Ckw,"Casto Management Services, Inc",Customer,Low,0.09,FINS,TRUE,,,,established integration method
0011O00001xRrns,Wantman Group (WGI),Former Customer,High,,MM,,TRUE,,,established integration method
0015Y00002yPmhqQAC,Pacific Landscape Management LLC,Customer,Low,,MM,,,,,flat file or unidentified method
0013000000qHxAH,SMS Holdings Corp.,Customer,Medium,0,SMB,TRUE,,,,established integration method
0011O00002AKPwAQAX,"Muscogee Nation Gaming Enterprises, LLC",Customer,Low,,MM,,,,,flat file or unidentified method
0015Y00002Zv6wm,"Ferruco Hotel Owner, LLC",Former Customer,High,,SMB,,,,,flat file or unidentified method
0011O000024zsBY,Riverside Millwork Group,Former Customer,Churning,,CAN,,,,,flat file or unidentified method
0011400001e30qZAAQ,Kettler Management Inc.,Customer,Low,,FINS,,,,,flat file or unidentified method
0015Y00004ODUFY,Gensmile,Former Customer,Churning,,UK,,,TRUE,,established integration method
0011O00001yoCl8,Westwood Professional Services Inc,Customer,Churning,,ENT,,,,,flat file or unidentified method
0011O00001ykVLv,Pebl,Former Customer,High,,MM,,,,,flat file or unidentified method
0011O00002HtA2O,Glemser Technologies Corp,Former Customer,Churning,,SMB,,TRUE,,TRUE,established integration method
0015Y00002mnBR9,"BayoTech, Inc.",Former Customer,Churning,,SMB,,TRUE,,,established integration method
001a000001KINoq,"Embrace Home Loans, Inc",Former Customer,Churning,,FINS,TRUE,,,,established integration method
0015Y00004T7jN6,AXI NV,Customer,Low,,Intl,,,,,flat file or unidentified method
001a000001NBLHA,Bardel Entertainment,Former Customer,Churning,,CAN,TRUE,,,,established integration method
0011400001e30vV,"PODS Enterprises, LLC",Former Customer,Churning,,ENT,,TRUE,,,established integration method
0011400001pYOC5,esure Group,Former Customer,Churning,,UK,,,,,flat file or unidentified method
0011O0000241tt8,MG Stover & Co,Former Customer,High,,FINS,,,,,flat file or unidentified method
0015Y00004iQnBv,"SLWM, LLC",Customer,High,,SUB,,,,,flat file or unidentified method
0011O00001zwkY9,Silvervine,Former Customer,Churning,,SMB,,,,,flat file or unidentified method
0011O00002SoaOV,EW Facility Services BV,Customer,Low,0.03,Intl,TRUE,TRUE,,,established integration method
0015Y00002wNDZo,"Viki, Inc.",Customer,Low,0.08,ENT,,,,,flat file or unidentified method
0015Y00002uN3MH,Clanwilliam Headquarters Limited,Customer,Low,0.9,UK,,,,,flat file or unidentified method
0011O00002Mj7nfQAB,"Walton Signage, Ltd.",Customer,Low,0.16,MM,,,,TRUE,established integration method
0011O00001xL2Rx,Auto X (Pty) Ltd.,Customer,Medium,0.05,Intl,TRUE,,,,established integration method
0011400001s5CLB,Medartis AG,Customer,Low,0.26,Intl,,,TRUE,,established integration method
0011400001qzGRg,"Laurens Electric Cooperative, Inc.",Customer,Low,0.54,MM,TRUE,,,,established integration method
0015Y00004OFlBdQAL,Logistics Alliance,Customer,Low,0.16,CAN,TRUE,,,,established integration method
0011O00002U6Aw5,Park Plaza Hotels Europe BV,Customer,High,0,Intl,TRUE,,,,established integration method
001a000001RsN1Y,Minerva Office Management,Customer,Low,0.1,SMB,,,,,flat file or unidentified method
0015Y00002Zuxtb,"GrayCo, Inc",Customer,High,0.05,FINS,TRUE,,,,established integration method
001OO00000F3z9j,CFGI,Customer,Low,0.06,MM,,,,TRUE,established integration method
0015Y00002Zv5YB,"Alpha Teknova, Inc.",Customer,Low,0.02,MM,,,,TRUE,established integration method
0011400001fMmVD,The Wills Group,Customer,Low,0,MM,TRUE,,,,established integration method
0015Y00005J83I7,Black Salmon Capital Holdings Inc.,Customer,Medium,0.16,FINS,TRUE,,,,established integration method
0015Y00004OFo7G,SteelCell,Customer,Medium,0.02,SMB,TRUE,,,,established integration method
0011O00002HLLNq,"Quint Events, LLC",Customer,Medium,0.3,SMB,,,,TRUE,established integration method
0011400001qzBUs,"Coeur Mining, Inc.",Customer,Low,0.09,ENT,TRUE,,TRUE,,established integration method
0015Y00003YlDlE,"InvestEuropa, LLC",Customer,Low,0.06,SMB,,TRUE,,,established integration method
0011O00001zwYPp,Gray Matter Systems,Customer,Low,0.45,MM,,,,TRUE,established integration method
0015Y00003YlAam,Timber & Building Supplies Holland N.V.,Customer,Low,0.01,Intl,,,,,flat file or unidentified method
0015Y00002molSs,"Mythical, Inc.",Customer,Medium,0.57,SMB,,,,TRUE,established integration method
0011400001fMm47,Dierbergs Markets Inc.,Customer,Low,0.05,ENT,TRUE,,,,established integration method
0011400001wdTVz,Glorieta Camps,Customer,Low,0.38,SMB,,,,TRUE,established integration method
0011400001qzGhn,Southeast Alaska Regional Health Consortium,Customer,Medium,0.05,MM,TRUE,TRUE,TRUE,,established integration method
0011O00002Hsleq,Kijiji Canada Ltd.,Customer,Churning,0.61,CAN,,,TRUE,,established integration method
0015Y00002mmFRz,VDAB,Customer,Low,0.1,Intl,TRUE,,,,established integration method
0011400001qzFAo,Virginia Tile Co.,Customer,Low,0.06,MM,,TRUE,,,established integration method
0015Y00002ZuxnR,Dana Innovations dba Sonance,Customer,High,0.01,MM,TRUE,,TRUE,,established integration method
0011O00002G3NK4,FIME SAS,Customer,Low,,Intl,,,,TRUE,established integration method
0015Y00002Zuun3QAB,"Center for Community Alternatives, Inc.",Customer,Low,,MM,,,,TRUE,established integration method
0011400001bQHtQ,MDRC,Customer,Medium,0,MM,TRUE,,,,established integration method
001a000001Ru3s1,Pro-Football LLC d/b/a Washington Commanders,Customer,Medium,0.87,MM,,,,,flat file or unidentified method
0011O00002VPGLE,Point Reyes Bird Observatory,Customer,Churning,0,MM,,TRUE,,,established integration method
0011400001eefdY,Center for Creative Leadership Inc.,Former Customer,Churning,,ENT,,,,,flat file or unidentified method
0015Y00002uNisU,Ekos,Former Customer,Churning,,SMB,,,,TRUE,established integration method
0015Y00003gzWGm,Moneyhub,Former Customer,Churning,,UK,,TRUE,,,established integration method
0011400001pYP27,BerryWorld Limited,Customer,High,,UK,,,,,flat file or unidentified method
0011O00002GJPE8,Consolidated Minerals Inc,Former Customer,Churning,,MM,,,,,flat file or unidentified method
0011O00002CCISe,Redox,Former Customer,Churning,,MM,TRUE,,,,established integration method
00130000015uT0R,PowerSecure International Inc,Former Customer,Churning,,SUB,,,,,flat file or unidentified method
0015Y00002Zv3lD,Bowery Valuation,Former Customer,Churning,,FINS,,,,,flat file or unidentified method
0011O00002OLum7,QMetric Group Holdings Ltd,Customer,Low,,UK,,TRUE,,TRUE,established integration method
001OO000001QHnp,PYXiS Software Group,Former Customer,High,,SUB,,,,,flat file or unidentified method
0011O00002MHQbf,Tornatech Inc,Former Customer,High,,CAN,,,,,flat file or unidentified method
0015Y00003gzk2o,ACS Infrastructure,Former Customer,High,,CAN,,,,TRUE,established integration method
0015Y00002xGB0l,"Vaxxinity, Inc.",Former Customer,Medium,,SMB,,TRUE,,,established integration method
0015Y00002Zv8r2,BPM LLP,Customer,Medium,,MM,TRUE,,,TRUE,established integration method
0011400001qzMep,"Arrow Tru-Line, Inc.",Former Customer,Churning,,SUB,,,,,flat file or unidentified method
 0011O000022GmAw,,,,,,,,,,flat file or unidentified method
001OO00000Z7X6LYAV,Devco Residential Group,Customer,Low,,FINS,,,,,flat file or unidentified method
0011O00001yoCso,PDT Partners LLC,Customer,Low,,FINS,,,,,flat file or unidentified method
0011O00002DdneK,Carson Group,Former Customer,Churning,,MM,,,,,flat file or unidentified method
0011400001qzDVL,Blackhawk Mining LLC,Former Customer,Churning,,MM,,,,,flat file or unidentified method
00130000013QIrG,"American Midstream Partners, LP",Former Customer,Churning,,SUB,,,,,flat file or unidentified method
0011400001vZrWv,"Open Road Brands, LLC.",Former Customer,Churning,,SMB,,,,,flat file or unidentified method
001a000001KHOSo,AEG Presents,Former Customer,High,,SUB,TRUE,,,,established integration method
001a000001WUZuTAAX,"Prairie Meadows Racetrack AND Casino, Inc.",Customer,Low,,ENT,,,,,flat file or unidentified method
0011400001gxRZO,Liberty Bank,Customer,Medium,0.09,FINS,TRUE,,,,established integration method
0013000000zilAT,McMaster University,Customer,High,0.89,CAN,TRUE,,,,established integration method
001a000001UxoxJ,Rice University - OpenStax,Customer,Churning,0.9,ENT,,,,,flat file or unidentified method
0015Y00002yPkGj,"Equip Health, Inc.",Customer,Low,0.01,MM,,,,TRUE,established integration method
0015Y00002lxyTu,Motional AD Inc.,Customer,Low,0.22,MM,,TRUE,,TRUE,established integration method
0015Y00003DjBbG,Cure Blindness Project,Customer,Low,0.09,SMB,,,,TRUE,established integration method
001a000001Uxo90,RJO Technology LLC,Customer,High,0.17,FINS,TRUE,,,,established integration method
0011400001rMjHt,"DeAngelis Diamond Construction, LLC",Customer,Medium,0.22,MM,,,TRUE,,established integration method
0015Y00003qU95g,"I-66 Express Mobility Partners, LLC",Customer,Medium,0.03,MM,,,,,flat file or unidentified method
001a000001XSg7y,Goldey-Beacom College,Customer,Low,0.01,MM,,,,,flat file or unidentified method
0011400001s5DtL,St. John's Community Services,Customer,Medium,0.69,MM,,,,TRUE,established integration method
0015Y00004iCoph,RocketRez,Customer,Churning,0.46,CAN,,,TRUE,,established integration method
0015Y00003O7KnQ,"Veda Data Solutions, Inc.",Customer,High,0.96,MM,,,,TRUE,established integration method
0011400001udaF2,Novel Energy Solutions,Customer,High,0.49,MM,,,,,flat file or unidentified method
001a000001PZufD,"Dynamic Aviation Group, Inc.",Customer,Low,0,MM,TRUE,,,,established integration method
001a000001Ru3aI,BSI Group America Inc.,Customer,High,0.41,UK,TRUE,,,,established integration method
0011400001qzIf1,Cloverdale Foods Co.,Customer,Medium,0.1,MM,,,,,flat file or unidentified method
0011400001qzFva,"Haviland Enterprises, Inc",Customer,Low,0,MM,TRUE,,,,established integration method
0011400001s4xKw,McCrossin,Customer,Medium,0.5,MM,TRUE,,,,established integration method
0011O00002AKQ0y,RL Hudson & Co,Customer,Medium,0.58,MM,TRUE,,,,established integration method
0011400001bPfrM,Whyte & Mackay,Customer,Medium,0,UK,,,,,flat file or unidentified method
0015Y00002uN3cH,Crerar Hotel Group Ltd.,Customer,Low,0.06,UK,,TRUE,,,established integration method
0013000000qI0QA,"Tetra Technologies, Inc.",Customer,High,0.02,ENT,TRUE,,TRUE,,established integration method
001a000001T5jsU,Nova Steel Inc.,Former Customer,Churning,,CAN,,,,,flat file or unidentified method
001OO00000X6qNbYAJ,Toronto Product Management Association,Customer,Low,,CAN,,,,,flat file or unidentified method
0011O000024ym4S,Gardner Business Media Inc,Customer,Low,,SMB,,,TRUE,TRUE,established integration method
0011400001s5E6O,Goodwin House Incorporated,Customer,Medium,0.03,MM,,TRUE,TRUE,TRUE,established integration method
0015Y00002ZubKY,Greenlight Guru,Customer,High,0.08,MM,,,,TRUE,established integration method
0011O000024zoGD,PA Education Association (PAEA),Customer,Medium,,SMB,,,,TRUE,established integration method
0015Y0000300YFa,J2 Resources,Former Customer,Churning,,SMB,,,,TRUE,established integration method
0011O00002420hn,Halco Lighting Technologies LLC,Former Customer,High,,MM,TRUE,,,,established integration method
0011400001s4xIvAAI,Lowell Community Health Center,Customer,Low,,MM,,,,,flat file or unidentified method
0015Y00003gwx8Y,Thrive Causemetics,Customer,Medium,,MM,,,TRUE,TRUE,established integration method
001OO00000SlMef,Center for American Progress,Customer,Low,,MM,,,,TRUE,established integration method
0011O00002OLpuU,Shenandoah Community Health,Customer,Low,,MM,,,,,flat file or unidentified method
0011400001cjU0D,"Acelero Learning, Inc.",Customer,Low,,ENT,,,,,flat file or unidentified method
0015Y00003DhwPL,Athira Pharma,Former Customer,Churning,,SMB,,,,TRUE,established integration method
0013000000qHvz6,"Santander Holding USA, Inc.",Customer,Low,,ENT,,,,,flat file or unidentified method
0011O00002BSqmi,Solvista Health,Former Customer,Churning,,SMB,TRUE,,,,established integration method
0011O00002GJPgq,Impact International,Customer,Low,,UK,,,,,flat file or unidentified method
001a000001JdNwk,Presidio Inc.,Former Customer,Churning,,ENT,,,,,flat file or unidentified method
0013000000qI0bhAAC,"Dole Food Company, Inc.",Customer,Low,,ENT,,,,,flat file or unidentified method
0011O00002OLnZM,Mile Marker,Customer,Low,,SMB,,,,,flat file or unidentified method
001a000001PZudVAAT,Gates Hudson & Associates Inc.,Customer,Low,,FINS,,,,,flat file or unidentified method
0011O000022JNZB,MPEG LA LLC,Former Customer,High,,SMB,,,,TRUE,established integration method
0013000000qI0S4,Alamo Group Inc.,Customer,Medium,0.04,ENT,TRUE,,,,established integration method
0011O00002Amz73,New Profit,Customer,Low,0.11,SMB,,,,,flat file or unidentified method
001a000001WTUhP,American College of Healthcare Executives,Customer,Low,0.03,MM,TRUE,,,,established integration method
001OO000002QiYv,The Livermore Area Recreation and Park District,Customer,Low,0,MM,,,,TRUE,established integration method
0015Y00002eI5RT,"SB Energy DevCo (US), LLC",Customer,Low,0.04,Intl,,,TRUE,TRUE,established integration method
0011O00002FFjJE,Union For Reform Judaism,Customer,Medium,0,MM,,,,TRUE,established integration method
0011O00002THaGz,Foppen Paling en Zalm bv,Customer,Low,0.01,Intl,,,,,flat file or unidentified method
0013000000qHzWn,Baylor College of Medicine,Customer,Low,0.11,ENT,TRUE,,,,established integration method
0015Y00002ySdUS,Privoro,Customer,Low,0.14,SMB,,,,TRUE,established integration method
0015Y00003DhvtX,DarkVision Technologies,Customer,Medium,0.02,CAN,,,,TRUE,established integration method
0015Y00005J7X31,UDig NY,Customer,Churning,0.87,SMB,,,,TRUE,established integration method
0015Y00002rm53B,Lesters Foods,Customer,Low,0.04,CAN,TRUE,,,,established integration method
0013000000qHxTM,Willamette University,Customer,Medium,0.27,ENT,TRUE,,,,established integration method
0011O00002GJR3m,Flexicon Corp,Customer,Medium,0.56,MM,,,,,flat file or unidentified method
0011O00002ErWzV,"Arora Engineers, Inc.",Customer,Medium,0.16,MM,TRUE,TRUE,,,established integration method
0015Y000038wTcw,Minera Chinalco Peru S.A,Customer,Low,0.09,Intl,,,TRUE,,established integration method
0015Y00004ntPsf,QbD Growth BV,Customer,High,0.11,Intl,,,TRUE,,established integration method
0011O0000241yjP,"Seek Thermal, Inc.",Customer,Medium,0.07,MM,,,TRUE,TRUE,established integration method
0011O000022ILPw,Workhorse Technologies Inc.,Customer,Medium,0.02,MM,TRUE,,,TRUE,established integration method
0011O00002FFlGO,"Akouos, Inc.",Former Customer,Churning,,MM,,,,TRUE,established integration method
0011O000022K2um,RTape Corp/Nekoosa,Former Customer,High,,SUB,,,,,flat file or unidentified method
0015Y000030qHWM,"Krystal Biotech, Inc.",Customer,Medium,0.07,MM,TRUE,,,,established integration method
0011400001pYRol,Arvato Ltd.,Customer,Low,0.07,UK,,,,,flat file or unidentified method
0011O0000250VRq,Upstream USA,Customer,Low,0.03,MM,,TRUE,,TRUE,established integration method
0011400001s5D2m,Peel Children's Aid Society,Customer,Low,,CAN,,,,,flat file or unidentified method
0011O000024zO97,Lighthouse for the Blind and Visually Impaired,Former Customer,Churning,,SUB,,,,,flat file or unidentified method
0011O0000241yci,New South Construction Supply LLC,Former Customer,Churning,,SMB,,,,,flat file or unidentified method
0011400001udDgp,Conga,Former Customer,High,,ENT,,,,,flat file or unidentified method
0015Y00004T7pRNQAZ,Straco Am,Customer,Low,,Intl,,,,,flat file or unidentified method
0015Y00004eCX23,BRAINVEST WEALTH MANAGEMENT SA,Customer,High,,FINS,,,,,flat file or unidentified method
0011O000021JyhS,Wiland Inc,Former Customer,Churning,,MM,TRUE,,,,established integration method
0015Y00002ZwQmC,Care Solace,Former Customer,Churning,,SMB,,,,,flat file or unidentified method
0011400001s5BXJAA2,Virginia Transformer Corp,Customer,Medium,,ENT,,,,,flat file or unidentified method
001OO00000UESzXYAX,Holland Supply Company,Customer,Low,,SMB,,,,TRUE,established integration method
0011400001qzCC8,Alkane Resources Limited,Customer,Low,,CAN,,,TRUE,,established integration method
0011O00002519Yu,ASR,Former Customer,High,,Intl,,,,,flat file or unidentified method
0011O000021LMjEQAW,Lower Hudson Regional Information Center,Customer,Low,,MM,,,,,flat file or unidentified method
0015Y00002Zv8gs,CORE Business Technologies,Former Customer,Churning,,MM,,,,,flat file or unidentified method
0011O000022IJgK,SHL,Former Customer,High,,UK,,,,,flat file or unidentified method
0011400001fMmRe,"Sonny's Enterprises, LLC.",Former Customer,Churning,,MM,TRUE,,,,established integration method
0013000000qHxKd,"1-800 Contacts,Inc.",Former Customer,Churning,,SUB,,,,,flat file or unidentified method
0011O00002Ke0gk,North Easton Savings Bank,Former Customer,Churning,,FINS,,TRUE,,,established integration method
0011400001pYPja,Agilisys,Customer,Medium,,SUB,,,,TRUE,established integration method
0011O00002Ht8jc,Advent Intermodal Solutions Inc,Former Customer,Churning,,SMB,,,,,flat file or unidentified method
0011O00002GJFmv,McMillan Pazdan Smith LLC,Customer,Medium,0,MM,,,,,flat file or unidentified method
0015Y000039L6ab,Skagit Valley Family YMCA,Customer,Low,0.04,SMB,,,TRUE,TRUE,established integration method
0015Y00004OD8zL,JC Master Distribution Limited,Customer,Low,0,MM,TRUE,,,,established integration method
0011O00001yoMwA,"Gatekeeper Systems, Inc",Customer,Low,0.1,MM,,,,,flat file or unidentified method
0011O00002OLrA2,US Youth Soccer,Customer,Low,0.6,SMB,,,,TRUE,established integration method
0015Y00002ZuoL8,Association of Science and Technology Centers Incorporated,Customer,Low,0.21,SMB,,,,TRUE,established integration method
0011O00002OLafC,PharmaLex GmbH,Customer,Low,0,Intl,TRUE,,TRUE,,established integration method
0011400001qzF1R,Arctiq,Customer,Low,0.13,MM,,,,TRUE,established integration method
0011400001eeg0g,Hospice & Palliative Care Charlotte Region,Customer,Low,0.08,MM,TRUE,,,,established integration method
0015Y000039L4zG,TaraVista Behavioral Health Center,Customer,Low,0.25,MM,TRUE,,,,established integration method
0011O00002GKAa6,Mitsubishi Electric Sales Canada Inc,Customer,High,0.26,CAN,TRUE,,,,established integration method
001a000001UxmJi,CMP Group,Customer,Low,0.1,CAN,,,,,flat file or unidentified method
0013000000qHwgk,Monrovia Nursery Company,Customer,Low,0,MM,,,TRUE,,established integration method
0011O000022ILQ5,Scorpion,Customer,Medium,0.01,ENT,,,TRUE,TRUE,established integration method
0011400001ikWoP,PCI Gaming Authority,Customer,Medium,0,ENT,TRUE,,,,established integration method
0011400001s5E5Z,Tennessee Health Management Inc,Customer,Low,0,SMB,TRUE,,,TRUE,established integration method
001OO00000DnfH7,Premium Velocity Auto LLC,Customer,Medium,0.21,SMB,,,,TRUE,established integration method
001a000001TMblb,Food Marketplace Inc.,Customer,Low,0.29,MM,TRUE,TRUE,,,established integration method
0011O000021L9VI,Texas 811,Customer,Low,0.36,MM,,,,TRUE,established integration method
001OO000006oP4b,Trias MD,Customer,Churning,0.61,SMB,,,,TRUE,established integration method
0011O00002GYYSd,Probo Medical,Customer,High,0.98,MM,,,,TRUE,established integration method
0011O000020m0On,Nexus: Youth and Family Solutions,Customer,Low,0.23,MM,TRUE,,TRUE,TRUE,established integration method
0011400001qzJif,"Asahi Kasei Plastics North America, Inc.",Customer,Low,0.07,MM,TRUE,,TRUE,,established integration method
0011400001oU6Ga,American Institute for Research,Customer,High,0.83,ENT,,,,,flat file or unidentified method
0011400001s4wlA,Babcock Canada Inc.,Customer,Medium,0.28,CAN,TRUE,,TRUE,,established integration method
0011O00002B5t1W,Haysmacintyre LLP,Customer,Churning,0.74,UK,,TRUE,,,established integration method
0011O00002BSOay,Axis Auto Finance,Former Customer,Churning,,CAN,TRUE,,,TRUE,established integration method
0011O00002U8yjR,Stonepoint Materials,Former Customer,Churning,,SMB,TRUE,,,,established integration method
0015Y00003qUAli,Advanced Energy United,Customer,Low,,SMB,,,,TRUE,established integration method
0011O000022HgJg,Musashi Auto Parts Canada Inc,Customer,Low,0,Intl,TRUE,,TRUE,,established integration method
0011O00002IuwC0,Helio Health,Former Customer,Churning,,SMB,,,,,flat file or unidentified method
0011O00001xKxtM,Driven Brands,Former Customer,Churning,,SUB,TRUE,,,,established integration method
0011O00001yo4QF,Building Controls,Former Customer,Churning,,MM,TRUE,,,,established integration method
0011400001pYPuf,CitySprint,Former Customer,Churning,,UK,,,,,flat file or unidentified method
0011O000024zhcp,Landmark Health LLC,Former Customer,Churning,,MM,,,,TRUE,established integration method
0011O000024ylof,Simply Group of Companies,Former Customer,Churning,,CAN,,,,,flat file or unidentified method
0011O000021aYEr,Blue Federal Credit Union,Former Customer,Churning,,FINS,,,,,flat file or unidentified method
0015Y00002ZwGh1,Shield Arms LLC,Customer,High,,SMB,,,,,flat file or unidentified method
0011400001s4xox,"Vimeo.com, Inc., (f/k/a Vimeo, Inc.)",Former Customer,Churning,,SUB,TRUE,,,,established integration method
0011400001s5ChJ,Capital Caring,Former Customer,Churning,,MM,TRUE,,,,established integration method
0011O00002E6Zdo,Magnite,Former Customer,Churning,,MM,,,,,flat file or unidentified method
0011O00001xSM1Q,Parchment Inc.,Former Customer,Churning,,SUB,,,,,flat file or unidentified method
0011400001r0NJY,Hawaii Pacific University,Customer,Low,,MM,,,,,flat file or unidentified method
0015Y00002uLLMs,Local Government Commission,Former Customer,High,,SMB,,,,TRUE,established integration method
0011400001qzLtM,Samson Rope Technologies Inc,Customer,Low,,MM,,,,,flat file or unidentified method
0011O00001ykZdm,Serraview America,Former Customer,Churning,,SUB,,,,,flat file or unidentified method
0015Y00002lxH4j,Curio Wellness,Former Customer,Churning,,MM,,,,,flat file or unidentified method
001OO000007o1OI,Sierra Gorda SCM,Customer,Low,,Intl,,,,,flat file or unidentified method
0011400001eegAE,Local Initiatives Support Corporation,Former Customer,High,,MM,TRUE,,,TRUE,established integration method
0015Y000056gOmy,Neumann Steel Pty Ltd,Customer,Medium,,Intl,,,,,flat file or unidentified method
0011O00002GJEWP,"Trader Interactive, LLC",Former Customer,Churning,,MM,,TRUE,,,established integration method
001OO00000XLvoSYAT,Clockwise Offices,Customer,Low,,UK,,,,,flat file or unidentified method
0011O00002SnU4l,Maples Service Company Limited,Customer,Low,0.16,MM,TRUE,,,,established integration method
0011O00001ykwtg,"BetterCloud, Inc.",Customer,High,0.66,MM,,,,TRUE,established integration method
0011O00001zwzed,Hunter Fan Company,Customer,Low,0.5,MM,TRUE,,,,established integration method
0015Y000049joRd,Cognito Therapeutics,Customer,High,0.16,SMB,,,,TRUE,established integration method
0015Y00002YbfHA,McNeely Plastics,Customer,Low,0.38,SUB,,,,,flat file or unidentified method
0013000000qI0aS,"Royal Gold, Inc.",Customer,Low,0.06,SMB,TRUE,,TRUE,TRUE,established integration method
0011400001s5DkJ,Falls of Neuse Management LLC,Customer,Low,0.14,ENT,TRUE,,,,established integration method
0011400001s4xas,"Saint Therese Management Services, LLC",Customer,Low,0.02,MM,TRUE,,,,established integration method
0011O00001yldZK,NWLC,Customer,Low,0.03,MM,,,,TRUE,established integration method
0011400001pYBxj,America Today,Customer,Medium,0.44,Intl,,,,,flat file or unidentified method
0015Y00003ze3HQ,gozney,Customer,Low,0.04,SMB,,,TRUE,TRUE,established integration method
0011O000029DDus,Yamamoto F.B. Engineering Inc,Customer,Churning,0.92,MM,TRUE,,TRUE,,established integration method
0015Y00002cibUb,The Old Station Nursery Ltd,Customer,Low,0,UK,,,TRUE,,established integration method
0011O0000241yYU,"Cyara, Inc.",Customer,Low,0.37,MM,,,,TRUE,established integration method
0011O000022IwGj,Riverpoint Medical,Customer,Medium,0.12,SMB,,TRUE,,,established integration method
0011400001ckgZe,"Frank, Rimerman + Co. LLP",Customer,Low,0.08,MM,,,,TRUE,established integration method
0011O000024zrtZ,Pretium Resources Inc.,Former Customer,High,0.94,CAN,,,,,flat file or unidentified method
0011O000021Keuq,Level Access,Former Customer,Churning,,MM,,,,,flat file or unidentified method
001OO00000O8zuw,PIN Privates Institut für erneuerbare Energien GmbH,Customer,Low,0.01,Intl,,,,,flat file or unidentified method
001a000001JfNnf,"Zywave, Inc.",Customer,Medium,,SUB,,,,TRUE,established integration method
0013000000qHwJk,"CRA International, Inc., d/b/a Charles River Associates",Customer,High,0.22,MM,TRUE,,,,established integration method
,,,,,,,,,TRUE,established integration method
0011O000024zqPw,"UIG Inc., d/b/a United Insurance and its affiliates",Customer,Medium,,FINS,,,,,flat file or unidentified method
001a000001Ru3rg,"Quirch Foods, LLC",Former Customer,Churning,,ENT,TRUE,,,,established integration method
0011O00002Ht9qo,Archive360,Former Customer,Churning,,SMB,,,,,flat file or unidentified method
0011O000021KPJ0,Johnny Was,Former Customer,Churning,,MM,,,,,flat file or unidentified method
0015Y00002p5pgm,Verve Therapeutics,Former Customer,Churning,,MM,,,,,flat file or unidentified method
0011400001s5D2mAAE,Peel Children's Aid Society,Customer,Low,,CAN,,,,,flat file or unidentified method
0011400001fLtrY,"FORVIS, LLP",Former Customer,High,,ENT,TRUE,,,,established integration method
0015Y00002vtWb8,SIDERISE INSULATION LIMITED,Customer,High,,UK,,,,,flat file or unidentified method
0011400001aEZHl,J&B Group,Former Customer,Churning,,MM,,,,,flat file or unidentified method
0015Y00002ZvI5G,XB Fulfillment,Former Customer,Churning,,MM,,,,,flat file or unidentified method
001a000001UxooB,University Research Co. LLC,Prospect,,,MM,,,,,flat file or unidentified method
0011400001pYNnPAAW,Essentra,Customer,Low,,UK,,,,,flat file or unidentified method
001OO00000Noo7kYAB,LucyRx,Customer,Low,,SMB,,,,,flat file or unidentified method
0011O00002NbYfG,Globality Inc.,Former Customer,Churning,,MM,,,,,flat file or unidentified method
0011400001qzDed,Providence Health & Services,Former Customer,Churning,,ENT,,,,,flat file or unidentified method
0015Y00002xGEeuQAG,Innovative Surface Solutions,Customer,Low,,CAN,,,,TRUE,established integration method
0011400001gzHW9,Vanguard University,Former Customer,Churning,,MM,,,,,flat file or unidentified method
0011O000022JhLn,"MATRIXX Software, Inc.",Former Customer,Churning,,SUB,,,,,flat file or unidentified method
0011400001s5D5M,"Community Teamwork , Inc.",Former Customer,High,,MM,,,,,flat file or unidentified method
0011O00002Dgcm0QAB,Rocky Mountain Prep,Customer,Low,,MM,,,,,flat file or unidentified method
0013000000qHwHa,"Aaron's, LLC",Former Customer,Churning,,ENT,TRUE,TRUE,,,established integration method
0011O000021KZhi,Cloud Elements,Former Customer,Churning,,SMB,,,,,flat file or unidentified method
001OO00000A2iiR,"Join Parachute, LLC",Customer,Low,0.11,MM,TRUE,,,TRUE,established integration method
0011400001eefs4,Farm Boy Company Inc.,Customer,High,0.08,CAN,TRUE,,,,established integration method
0013000000qHw5k,Equitable Bank,Customer,High,0.06,CAN,,,,,flat file or unidentified method
0011O00002OOW8J,Fairfield Geotechnologies,Customer,Medium,0.14,MM,TRUE,TRUE,,,established integration method
0011O00002SpbZB,Adaptive Financial Consulting Limited,Customer,Low,0,UK,,,,TRUE,established integration method
0011O00002OLr6v,Fairway Lawns Inc,Customer,Low,0.02,MM,,,,TRUE,established integration method
0015Y00002rm4uk,Inn From The Cold,Customer,Medium,0,CAN,,,,,flat file or unidentified method
0015Y00002Zuzgo,RxSight Inc,Customer,Medium,0.09,MM,TRUE,,,,established integration method
0011O00002HiHa9,Mainroad Group,Customer,Low,0.1,CAN,,,,,flat file or unidentified method
0015Y00003gyKNp,PharmaCare Europe,Customer,Low,0.02,UK,TRUE,,,,established integration method
0011O00002DOwYb,Sue Ryder,Customer,Low,0.05,UK,,,,,flat file or unidentified method
0011400001s5E1U,T. L. Cannon Management Corporation,Customer,High,0.32,MM,,,,TRUE,established integration method
0011O00002GJCeU,"Valcourt Building Services, L.C.",Customer,Low,0.02,MM,,,,TRUE,established integration method
0011400001qz99N,TransX Ltd.,Customer,Medium,0.12,SUB,,,,,flat file or unidentified method
0011400001s5Doa,Fisher Brothers Management Co. LLC,Customer,Low,0.49,FINS,,,TRUE,,established integration method
0015Y00002yQ1Nq,Canadian Rocky Mountain Resorts,Customer,Low,0.09,CAN,TRUE,,,,established integration method
0011O00002Ksg7p,"PrimePay, LLC",Customer,Medium,0.03,MM,,,,TRUE,established integration method
0015Y00003YnHW3,Elephas,Customer,Churning,0.33,SMB,,,,TRUE,established integration method
0011O00002BmGAt,Integris Credit Union,Customer,Medium,0.32,CAN,TRUE,,,,established integration method
0015Y00002ZubC2,Easy Dynamics Corporation,Customer,Low,0.03,MM,,,,,flat file or unidentified method
0011O00001yo4vp,"SunStrong Management, LLC",Customer,Medium,0.26,ENT,TRUE,,,TRUE,established integration method
0011400001pYNh0,Hillside (Technology) Limited,Customer,Low,0,UK,TRUE,,TRUE,,established integration method
001a000001Uxoia,Transoft Solutions Inc.,Customer,High,0,CAN,,,,TRUE,established integration method
0011O00002GJEr2,Silfex Inc.,Customer,Low,0.03,SUB,,,,,flat file or unidentified method
0015Y00003B6ngj,Everest Clinical Research,Customer,Low,0,CAN,,,TRUE,TRUE,established integration method
0013000000qHwYT,"Polypore International, LLC",Customer,Low,0.02,ENT,TRUE,,,,established integration method
001OO000005nX3B,Pacifico Power,Customer,Low,0.27,SMB,,,,TRUE,established integration method
0015Y00002uNWgi,Wren Sterling,Customer,Medium,0.92,UK,,,,,flat file or unidentified method
001a000001XT47p,University of Waterloo,Customer,Medium,0.03,CAN,,,TRUE,,established integration method
0011O00002GJJaF,Sea Ltd,Customer,Low,0.17,MM,,,,,flat file or unidentified method
0011O00001yoCTg,Evergreen Retirement Communities,Customer,Churning,0.85,MM,TRUE,,,,established integration method
001OO000002kBAg,ImageQuix,Customer,Low,0.12,SMB,,,,TRUE,established integration method
001a000001U0CKx,Tarkett Sports Canada Inc.,Customer,Low,0.01,CAN,,,,,flat file or unidentified method
0015Y00003YlIRB,VertiGIS Ltd.,Customer,Low,0.04,UK,,,,TRUE,established integration method
001a000001YIiDY,Eide Bailly LLP,Customer,Low,0.35,ENT,TRUE,,,,established integration method
0011400001j5ToW,Paric Corp.,Customer,Medium,0,MM,,TRUE,,,established integration method
001a000001KIh9X,"Institute OF International Education, Inc.",Customer,Low,0.11,MM,TRUE,,,,established integration method
0011O00002BSujA,Sustainable Living Partners,Former Customer,Churning,,FINS,,,,,flat file or unidentified method
0011O000022IPhf,USF Federal Credit Union,Customer,Medium,0.59,FINS,,TRUE,,TRUE,established integration method
0011400001eeggX,Brooklyn Museum,Former Customer,Churning,,MM,TRUE,,,,established integration method
0011O00002Ti6zz,XOi Technologies,Former Customer,Churning,,SMB,,,,TRUE,established integration method
0011O00002Cconh,Penn Community Bank,Former Customer,Churning,,ENT,TRUE,,,,established integration method
001a000001Ru3qs,Noble Management Holdings LLC,Customer,Medium,,FINS,,,,,flat file or unidentified method
0011O00002KwgR5,Assa Abloy Electronic Security Hardware,Former Customer,Churning,,Intl,TRUE,,,,established integration method
0015Y00002YYT5N,Foothill Federal Credit Union,Customer,Low,,FINS,TRUE,,,,established integration method
0015Y00002tDV03,CTMS Travel,Former Customer,Churning,,CAN,,,,,flat file or unidentified method
0011O00001ynYEC,Renew Financial Group LLC,Former Customer,Churning,,FINS,,,,,flat file or unidentified method
0011400001j6uDLAAY,Cafua Management Co.,Customer,Low,,MM,,,,TRUE,established integration method
001OO000002N8be,Ready Rebound Inc.,Customer,Low,,SMB,,,,TRUE,established integration method
0011O00002D5JJP,Yerba Buena Center for the Arts,Former Customer,High,,MM,,,,,flat file or unidentified method
001a000001IKskO,Meltwater N.V.,Customer,Low,,Intl,,,,TRUE,established integration method
0011O00002GJR01,CMIT Solutions LLC,Former Customer,Churning,,MM,,,,TRUE,established integration method
0011O00001zxhDf,New Senior Investment Group Inc.,Former Customer,Churning,,FINS,,,,,flat file or unidentified method
0015Y00002uOJUJ,WeCommerce,Former Customer,Churning,,CAN,TRUE,,,,established integration method
0013000000qHweR,SNC-Lavalin Group,Former Customer,,,CAN,,,,,flat file or unidentified method
001OO00000YL0flYAD,Quickparts UK,Customer,Low,,UK,TRUE,,,TRUE,established integration method
0011400001va8ke,"Beacon Specialized Living Services, Inc.",Customer,Low,0,MM,TRUE,,TRUE,TRUE,established integration method
0011400001qzv1t,"The Little Brown Box Pizza, LLC",Customer,Churning,1,MM,,,,,flat file or unidentified method
0015Y00002ZvHZe,Outdoor Adventures Incorporated,Customer,Medium,0.03,MM,,TRUE,,TRUE,established integration method
0015Y000039KsLY,BC SPCA,Customer,Low,0.01,CAN,,,TRUE,,established integration method
0011O00002XfrUG,"Freenome Holdings, Inc.",Customer,Low,0.21,MM,,,,TRUE,established integration method
0015Y00004T6I3b,Coalition for Epidemic Preparedness Innovations,Customer,High,0.01,Intl,,,,TRUE,established integration method
0015Y00003qVlnk,Lincoln Institute of Land Policy,Customer,Low,0.12,MM,,,TRUE,,established integration method
0011400001lGRVl,MSH Americas,Customer,Low,0.57,CAN,,,,,flat file or unidentified method
0015Y00004rIjq6,"GridSource Incorporated, LLC",Customer,High,0.74,MM,,,,TRUE,established integration method
0011O0000241liS,"Athletics Investment Group, LLC.",Customer,Medium,0,MM,TRUE,,,,established integration method
0011400001qzEpJ,Communities Foundation of Texas,Customer,Low,0.01,MM,,,,TRUE,established integration method
0011O00002H17C6,Heijmans N.V.,Customer,Low,0,Intl,TRUE,,TRUE,,established integration method
0011O00002PtCim,"Health Systems Informatics, Inc.",Customer,Churning,1,SMB,,,,,flat file or unidentified method
001a000001PZrc9,Delta Dental of New Jersey,Customer,Low,0.07,FINS,TRUE,,,,established integration method
0011O00002GJIqc,Superheat FGH Technologies Inc.,Customer,Low,0.03,MM,TRUE,,TRUE,,established integration method
0011O000022JHuw,"Engage2Excel , Inc.",Customer,High,0.85,MM,,,,,flat file or unidentified method
0015Y000030nrL2,ACLU Pennsylvania,Customer,Medium,0.08,SMB,,,,TRUE,established integration method
0011O000024zPpq,"Asensus Surgical, Inc.",Customer,Medium,0.04,MM,TRUE,,,,established integration method
0011O00001zwYPo,Meats By Linz Inc,Customer,High,0.09,SMB,TRUE,,,,established integration method
0011O00002GJCex,SuprTEK,Customer,Churning,0.72,SMB,,TRUE,,,established integration method
0013000000qHwpp,"Brandywine Operating Partnership, L.P.",Customer,Medium,0.31,FINS,TRUE,,,,established integration method
0015Y00002tG3E1,"Ventyx Biosciences, Inc.",Former Customer,Churning,,SMB,,,,TRUE,established integration method
001OO00000J56TF,TIGI International Ltd,Customer,Medium,,UK,,,TRUE,,established integration method
0011O00002O2GfP,Pro-Vac LLC,Customer,High,0.73,MM,,,,TRUE,established integration method
0011O00002GJNZp,Jane's,Customer,Low,0,UK,,,,TRUE,established integration method
0015Y00004eCMOaQAO,Florida Canyon Mining Inc.,Customer,Medium,0.1,CAN,TRUE,,,,established integration method
001a000001NAZKp,"The Lash Group, LLC",Customer,Low,0.04,ENT,,,,,flat file or unidentified method
0011O00001zwYRe,Bonaventure Holdings,Former Customer,Churning,,FINS,,TRUE,,,established integration method
0015Y00004eBjWF,Monsters Aliens Robots Zombies,Former Customer,Churning,,CAN,,,,TRUE,established integration method
001OO000003fPdU,Ionic Digital Inc.,Customer,Churning,,SMB,,,,,flat file or unidentified method
0011O00001ymkJH,Knight Therapeutics Inc.,Former Customer,Churning,,CAN,,,,,flat file or unidentified method
0011O00002OLmXM,MassChallenge Inc,Former Customer,Churning,,FINS,,,,TRUE,established integration method
0011O00002Ht880,PromptQL,Former Customer,Churning,,MM,,,,,flat file or unidentified method
0015Y000049liY6,Dot818,Customer,Churning,,SMB,TRUE,,,,established integration method
0011O00002QbvBt,Virtual1,Former Customer,Churning,,UK,,,,,flat file or unidentified method
0015Y00003gzeui,Atairos,Former Customer,Churning,,FINS,,,,,flat file or unidentified method
0015Y00002oCYaG,RenewableUK,Former Customer,Churning,,UK,,,TRUE,,established integration method
0015Y00002YYZS7,Sherlock Biosciences Inc.,Former Customer,Churning,,UK,,,,,flat file or unidentified method
0015Y00002tDtOg,"FURTHER UNDERWRITING INTERNATIONAL, S.L.U.",Former Customer,Churning,,Intl,,,,,flat file or unidentified method
0011400001s5E9N,Sauer Brands Inc.,Customer,Low,,MM,TRUE,,,,established integration method
0015Y00002Zvpsl,DiCE Molecules,Former Customer,Churning,,SMB,,,,TRUE,established integration method
0015Y00003DlFWs,coolkit,Former Customer,Churning,,UK,,,,,flat file or unidentified method
0011O00001ykxOz,Titan Environmental Containment Ltd.,Former Customer,Churning,,SMB,TRUE,,,TRUE,established integration method
0015Y00002YbRad,Astra,Former Customer,Churning,,SMB,,,,,flat file or unidentified method
0011O00002DOGmq,Extole Inc,Former Customer,Churning,,SMB,,,,TRUE,established integration method
0011O000024yydd,Per Scholas Inc,Former Customer,Churning,,MM,TRUE,,,TRUE,established integration method
001a000001Uxmnu,"HSP EPI Acquisition, LLC, Entertainment Publications",Former Customer,Churning,,MM,,,,,flat file or unidentified method
0011400001eefqJ,Empire State Realty Trust,Former Customer,Churning,,FINS,,,,,flat file or unidentified method
001OO00000KOGzU,Schneider Geomatics,Customer,Medium,,SMB,,,,,flat file or unidentified method
0015Y00004T7opP,Stichting Christelijke  Hogeschool Windesheim,Customer,Low,,Intl,,,TRUE,,established integration method
001OO00000PeRmTYAV,Beyond One MEA FZ- LLC,Customer,Low,,Intl,,,,,flat file or unidentified method
0011400001s5EXv,"Jefferson Dental Clinics, P.C.",Former Customer,Churning,,MM,,,,,flat file or unidentified method
0015Y00002ZuPY7,Palmdale Water District,Customer,Medium,,SMB,,TRUE,,,established integration method
0011400001jHJuJ,Oregon Museum OF Science & Industry,Customer,Low,0.09,MM,TRUE,,,TRUE,established integration method
0015Y00002jzCNu,Luton Town Football Club 2020 Ltd.,Customer,Low,0,UK,,,,TRUE,established integration method
0011O000022K58Z,RxBenefits Inc.,Customer,Medium,0.02,MM,TRUE,,,TRUE,established integration method
0015Y00002tEQY6,"Inclusiv, Inc.",Customer,Medium,0.06,FINS,,,,,flat file or unidentified method
0015Y00006FFxIy,Route 92 Medical,Customer,Medium,0.05,SMB,,TRUE,,TRUE,established integration method
0011O00002GJJ38,Hirschbach Motor Lines Inc,Customer,Low,0.04,MM,,,,,flat file or unidentified method
0015Y00002ZuhqS,Earth Systems Inc,Customer,Low,0.19,SMB,,,TRUE,,established integration method
0011400001qz71E,M.O.S.A.I.C.,Customer,Low,0,CAN,TRUE,,,,established integration method
0015Y00004OBvJt,SuperScale s.r.o,Customer,Churning,0.99,Intl,,,,,flat file or unidentified method
0011O00002GyLNg,Light Wave Dental Management,Customer,Low,0.02,MM,,,,TRUE,established integration method
0015Y00002rmPzH,MEMX Holdings LLC,Customer,High,0.32,FINS,,,,TRUE,established integration method
0015Y00005J9B32,"Leap Service Partners, LLC",Customer,Medium,0.17,SMB,,,,TRUE,established integration method
001a000001PZtnz,"Paragon Films, Inc.",Customer,Low,0.04,SUB,TRUE,,,TRUE,established integration method
0011400001qzH36,Anomatic Corp.,Customer,High,0.04,MM,,,,,flat file or unidentified method
0011O000022IJmc,Access Group Limited,Customer,High,0,UK,,TRUE,,,established integration method
0011400001qzKwT,Salit Steel,Customer,Medium,0.02,CAN,,,,,flat file or unidentified method
0011400001aqvpc,Motability Operations Limited,Customer,Low,0.04,UK,,,,,flat file or unidentified method
0011O00002AlXef,Living Earth,Customer,High,0.64,MM,TRUE,,TRUE,,established integration method
0011O00001zxNWU,Stanley Martin Homes LLC,Customer,High,0.11,MM,,,TRUE,,established integration method
0011O000022Ivbq,Vortex Aquatic Structures International,Customer,High,0.4,CAN,,,,,flat file or unidentified method
0011O0000241lbU,"Image International Manufacturing, LLC",Customer,Low,0.15,MM,,,,,flat file or unidentified method
0011400001fMm5f,Endries International Inc.,Customer,Medium,0.51,MM,,,,,flat file or unidentified method
0015Y00004OFpLfQAL,"Flagship Brands, LLC dba feetures",Customer,Low,,SMB,TRUE,,,TRUE,established integration method
0011400001pYNn8,Ove Arup & Partners International Limited,Customer,Low,0.2,UK,,TRUE,TRUE,,established integration method
0011400001qzKra,Pediatric Home Service,Customer,Low,0.01,MM,,,TRUE,TRUE,established integration method
0011O00002GJCTW,Wausau Coated Products Inc,Customer,Low,0.03,MM,TRUE,,,TRUE,established integration method
001OO00000TMSQF,"Beyond Hype, Zweigniederlassung der HYPE  Partners Ltd.",Customer,Churning,,Intl,,,,,flat file or unidentified method
0011400001s5Cbm,Muckleshoot Casino,Former Customer,Churning,,ENT,,,,,flat file or unidentified method
0011O00001ylten,Automation & Modular Components Inc.,Former Customer,Churning,,SMB,,,,,flat file or unidentified method
0015Y000056j5sX,"Flitptrel Portugal, S.A.",Customer,Low,,Intl,,,TRUE,,established integration method
001OO00000ZuLIXYA3,Combined Caterers,Customer,Low,,SUB,,,,TRUE,established integration method
0011400001ckgd1,"Matrix Absence Management, Inc.",Former Customer,,,FINS,,,,,flat file or unidentified method
0015Y00002ZuAfU,"Asiana Management Group, Inc",Customer,High,,SMB,,,,TRUE,established integration method
001OO00000WXCKvYAP,CMK Resources,Customer,Low,,SMB,,,,TRUE,established integration method
0015Y00004e9xYU,ARSA - Advanced Reconstructive Surgery Alliance,Customer,Low,,SMB,,,,TRUE,established integration method
0011O00002D5WtV,The Enrollment Management Association,Former Customer,Churning,,SMB,,,,,flat file or unidentified method
0015Y00002q0da3,Canlak Coatings,Former Customer,High,,MM,TRUE,,,,established integration method
0011400001rL4ge,Two Six Labs,Former Customer,Churning,,MM,,,,,flat file or unidentified method
0011O00002GKAuOQAX,Canadian College of Naturopathic Medicine,Customer,Low,,CAN,,,,TRUE,established integration method
0011O00001ynDMH,"Sterling Medical, LLC",Former Customer,Churning,,MM,,,,,flat file or unidentified method
0011O0000241oMY,Methods Business and Digital Technology Ltd.,Former Customer,Churning,,UK,,,,TRUE,established integration method
0011O00002Mkbai,Judi Health,Former Customer,Churning,,MM,,,,,flat file or unidentified method
0015Y00002jyp7yQAA,I-77 Mobility Partners LLC,Customer,Medium,0.2,MM,,,,,flat file or unidentified method
0011O00002AKMAh,HF Limited,Customer,Low,0.02,UK,,,,,flat file or unidentified method
0011400001pYNng,Nuclear Decommissioning Authority,Customer,Low,0.01,UK,,,,,flat file or unidentified method
0015Y00002uNe8Z,Nexben,Customer,Low,0.07,SMB,,,,TRUE,established integration method
0015Y00002Zv6Nf,Caldwell & Gregory LLC,Customer,Low,0.46,SMB,,TRUE,,,established integration method
0015Y00002Zv3nU,"ProSearch Strategies, LLC",Customer,High,0.68,MM,,,,,flat file or unidentified method
0011400001lGRtP,Memorial Sloan-Kettering Cancer Center,Customer,Low,0,ENT,TRUE,,TRUE,,established integration method
0011O00002GJE43,Moseley Inc,Customer,Low,0.04,MM,,,,,flat file or unidentified method
0015Y00003DlBzY,Circle the City,Customer,Low,0,MM,,,,TRUE,established integration method
0011O00001xRrvi,Betacom Incorporated,Customer,Low,0.06,MM,,TRUE,TRUE,,established integration method
0011O00002GJS26,Avantik,Customer,Low,0.2,MM,,,,TRUE,established integration method
0011400001s5DwM,Sterling Federal Bank,Customer,Low,0.25,FINS,,,,,flat file or unidentified method
0013000000qHxQl,"Suffolk Construction Company, Inc.",Customer,Low,0.01,ENT,TRUE,,TRUE,,established integration method
0015Y00003gwyFX,Society For Endocrinology,Customer,Low,0.05,UK,,,,TRUE,established integration method
0015Y000039L6Bj,MCP Corporate Support LLC,Customer,Low,0,MM,,,TRUE,TRUE,established integration method
001OO000007XYqD,Jab Pet Holdings Ltd,Customer,Low,0,UK,,,,,flat file or unidentified method
0011O00002GJIau,City Line Distributors,Customer,Low,0.01,MM,TRUE,,,,established integration method
0011O00002GZMQx,Congruex Group LLC,Customer,Low,0.09,ENT,,,,,flat file or unidentified method
0011400001ueT98,"Free 2 Play, L.P",Customer,Low,0.01,CAN,,,,TRUE,established integration method
0015Y00004jRPiR,Partners&.,Customer,Low,0.05,UK,,,,,flat file or unidentified method
0011O000021afIJ,"OpenAI, L.P.",Former Customer,Churning,,MM,,,,,flat file or unidentified method
0011O00002OLpz2,Peter Cremer North America LP,Customer,Low,0.02,MM,,,,,flat file or unidentified method
0011400001fMmAy,Hfi LLC,Former Customer,Churning,,ENT,TRUE,,,,established integration method
0011400001pYNtr,SThree,Former Customer,High,,UK,,,,,flat file or unidentified method
0015Y00004eCH9dQAG,Rfnow,Customer,Low,,CAN,,,,TRUE,established integration method
0011O000022KJxGQAW,Serving Seniors,Customer,Low,,SMB,,,,TRUE,established integration method
0015Y00002ZwREk,True Temper Sports Inc.,Former Customer,Churning,,MM,,,,,flat file or unidentified method
0011O00002A7UyFQAV,Monosol Inc,Former Customer,Churning,,ENT,,,,,flat file or unidentified method
0015Y00002moSeH,Verity Pharmaceuticals Inc.,Former Customer,Churning,,CAN,,,,TRUE,established integration method
0011O00001ynDcy,Guidance Residential,Customer,Churning,,FINS,,,,,flat file or unidentified method
0011400001qzD5e,Allnex Belgium SA/NV,Customer,Churning,,Intl,,,,,flat file or unidentified method
0015Y00002Zv8qh,Corbin Capital Partners L.P,Former Customer,Churning,,FINS,,,,,flat file or unidentified method
0011400001s5DmC,Snooze,Former Customer,High,,MM,,,,,flat file or unidentified method
0011400001qzMeM,ZoomerMedia Ltd.,Former Customer,Churning,,CAN,TRUE,,,,established integration method
0011O00002SJpyV,Consulting Solutions LLC,Former Customer,High,,SMB,TRUE,,,,established integration method
001OO000004pVNgYAM,Big Canoe Property Owners Association Inc.,Customer,Low,,MM,TRUE,,,,established integration method
0011400001qzMa5,"Yoshinoya America, Inc.",Customer,High,,MM,,,,TRUE,established integration method
0011O0000250g5c,Ubio Labs,Former Customer,Churning,,SMB,,,,,flat file or unidentified method
001OO00000GcDsf,Decennial Group,Former Customer,High,,FINS,,,,,flat file or unidentified method
0011400001qzFV1,Rastelli Foods Group,Former Customer,Churning,,MM,,,TRUE,,established integration method
0011400001s5DycAAE,SupHerb Farms,Customer,Low,,MM,,,,,flat file or unidentified method
0011400001bR9Tq,Building with BMC,Former Customer,Churning,,ENT,,,,,flat file or unidentified method
00130000010kQgU,Peoples Trust Co.,Former Customer,High,,CAN,TRUE,,,,established integration method
0015Y00004OFlw7,Amass Brands Group,Former Customer,High,,SMB,,TRUE,,TRUE,established integration method
0011400001qfS45,New York Jets LLC,Customer,Low,0.97,MM,,TRUE,,,established integration method
0011O00002AO2CB,Harding Retail,Customer,Low,0.03,UK,TRUE,,,,established integration method
0011400001qzKz3,Batteries Plus LLC,Customer,Low,0.02,ENT,TRUE,,,,established integration method
0015Y00002ZuyNh,"Wireless Media Consulting, Inc., dba WMC Global",Customer,Low,0.53,SMB,,,,,flat file or unidentified method
0011400001e30sM,"WETA (Greater Washington Educational Telecommunications Association, Inc.)",Customer,Low,0.02,MM,,,,TRUE,established integration method
0011O00002G4IjS,FreightVerify,Customer,Medium,0.59,SMB,,,,TRUE,established integration method
0015Y00003zclWX,Fervo Energy Company,Customer,Low,0,MM,TRUE,TRUE,TRUE,,established integration method
0015Y00002eG7Yl,ATP Media,Customer,Low,0.06,UK,,,,TRUE,established integration method
0011O000021L4uq,MedPOINT Management Inc,Customer,Medium,0.23,MM,,,,,flat file or unidentified method
0011400001qzGYX,"Civil & Environmental Consultants, Inc.",Customer,Medium,0.03,MM,TRUE,,,,established integration method
0011O00002GJEzi,Echoing Hills Village Inc,Customer,Medium,0.62,MM,,,,TRUE,established integration method
0011O00002ErVvt,Response Biomedical Corp.,Customer,Medium,0.56,CAN,TRUE,,,,established integration method
0011O00002XfqHt,"Inspire Communities, LLC",Customer,Low,0.03,FINS,TRUE,,,,established integration method
0011O00001zx5AJ,Bol.com b.v.,Customer,Low,0.15,SUB,,,TRUE,,established integration method
001OO00000Q3zkq,SuperTruth,Customer,High,0.61,SMB,,,,TRUE,established integration method
001OO000008FFGj,Riparian Capital Partners,Customer,Medium,0.07,FINS,,,TRUE,,established integration method
0015Y00004tvZnO,Kraft Sports + Entertainment,Customer,Low,0.06,MM,TRUE,TRUE,,,established integration method
001a000001NAZOq,"Duininck Companies, LLC",Customer,Medium,0.08,MM,,TRUE,TRUE,,established integration method
0011O00002GJNPG,Phoenix Closures Inc,Customer,Churning,0.59,MM,TRUE,,TRUE,,established integration method
0011400001j6XLM,King County Housing Authority,Customer,Low,0.12,SMB,TRUE,,,,established integration method
001OO00000MomXp,Savant Senior Living,Customer,Low,0,SMB,,,,,flat file or unidentified method
001a000001YKIjC,Palliser Furniture Ltd,Customer,High,0.42,CAN,TRUE,,TRUE,,established integration method
0015Y00003LYfPH,ICA Eurasia FZ LLC,Customer,Low,0,Intl,TRUE,,TRUE,,established integration method
0011O000022KqW5,SIB Fixed Cost Reduction,Customer,Low,0.02,SMB,,,,TRUE,established integration method
0015Y00002uNrQK,Hoogvliet,Customer,Medium,0.3,Intl,TRUE,,,,established integration method
0011400001qfBZ7,Aegis Senior Communities LLC,Customer,Medium,0.11,ENT,TRUE,,TRUE,,established integration method
0013000000qHxY2,SPX Technologies,Former Customer,,,ENT,,,,,flat file or unidentified method
0011400001s4xJE,M2 Logistics Inc,Former Customer,Churning,,SMB,,,,,flat file or unidentified method
0011400001qzOja,"Otto Environmental Systems North America, Inc.",Former Customer,Churning,,MM,,,,,flat file or unidentified method
0011O00002DP0X8,Chicago Family Health Center,Former Customer,Churning,,MM,,,,,flat file or unidentified method
0011O00002BPnDt,SurePoint Technologies,Former Customer,Churning,,MM,,,,TRUE,established integration method
0011400001ZYWu6,"Hisco, Inc.",Former Customer,Churning,,SUB,,,,,flat file or unidentified method
0011400001qzPW4,"Haseko North America, Inc",Customer,Low,,SMB,,,,,flat file or unidentified method
0011O00001zwYPx,TRC Healthcare,Former Customer,Churning,,SMB,TRUE,,,TRUE,established integration method
0015Y00002ZuJPZ,"Grailed, Inc.",Former Customer,Churning,,SMB,,,,,flat file or unidentified method
0011O00002GJA6W,Fors Marsh,Customer,Low,,MM,,,,,flat file or unidentified method
0015Y00002uN3lA,Ei Electronics Campus,Customer,Low,,UK,TRUE,,TRUE,TRUE,established integration method
0015Y000049hnZ2,Advantive,Former Customer,Churning,,MM,,,,TRUE,established integration method
0015Y00002ZvFIB,Community College System of New Hampshire,Former Customer,Churning,,MM,TRUE,,,,established integration method
0011O00002HrMLg,Buyerlink,Customer,Low,,SMB,,,,TRUE,established integration method
0011O00002A7RIC,Fabian Couture Group,Former Customer,Churning,,SMB,,,,,flat file or unidentified method
0011400001s5CCTAA2,Ardene,Customer,Low,,CAN,,,,,flat file or unidentified method
0011O000021K2HJ,Procom Consultants Group Ltd,Customer,Low,,CAN,,,,TRUE,established integration method
0011400001vd5Gu,American Foundation for the Blind,Former Customer,Churning,,SMB,,,,,flat file or unidentified method
001OO00000SVlP9,Poseidon Ocean Systems Ltd.,Customer,Low,,CAN,,,,TRUE,established integration method
0011O00002NbCh1,Indian Health Board of Minneapolis,Former Customer,Churning,,SMB,,,,,flat file or unidentified method
0011O00001zxNPz,OrthoFi Inc.,Customer,Medium,0,MM,,,,TRUE,established integration method
0011400001jpLDv,Nando's Limited,Customer,Low,0.09,UK,TRUE,TRUE,TRUE,,established integration method
0011400001s5C6U,Lipari Foods Operating Company LLC.,Customer,Medium,0.09,ENT,TRUE,,,,established integration method
0013000000qHzok,"Compass Group USA, Inc.",Customer,Medium,0.1,UK,TRUE,,,,established integration method
0011400001bQZr1,Kansas City Royals,Customer,Low,0.01,MM,TRUE,,,TRUE,established integration method
0015Y00002ZuGVH,Lupus Research Alliance,Customer,High,0.43,SMB,TRUE,,,TRUE,established integration method
0011400001s5CUT,Mill Creek Residential Trust LLC,Customer,Medium,0.02,ENT,TRUE,,TRUE,,established integration method
0011400001qz7Di,"Morris & Dickson Co., LLC.",Customer,Low,0.03,MM,,,,TRUE,established integration method
0015Y000049ksdc,Fitness Club Management,Customer,High,0.01,SMB,,TRUE,,,established integration method
0013000000qHuLy,FirstService Corporation,Customer,Low,0,ENT,TRUE,,,,established integration method
0011O00002BSso4,Almita Piling,Customer,High,0.25,CAN,,,,,flat file or unidentified method
0011O0000250DbG,Les Studios Moment Factory Inc.,Customer,Low,0.1,CAN,,,,TRUE,established integration method
0015Y00002wbJTc,Eden Valley Poultry,Customer,Churning,0.8,CAN,,,,,flat file or unidentified method
0015Y00002ZvFn9,"Mount Hermon Association, Inc.",Customer,Low,0.17,MM,,TRUE,,,established integration method
0011400001lFBaA,MRI Software LLC,Customer,Low,0,SUB,,TRUE,TRUE,TRUE,established integration method
0011400001s5BOl,"Redwood Logistics, LLC",Customer,Medium,0.04,MM,TRUE,,,TRUE,established integration method
0015Y00002rn833,"New Reach, Inc.",Customer,Churning,0.78,SMB,,,,TRUE,established integration method
0011400001pYNsE,One Stop Stores Limited,Customer,Low,0.09,UK,,,,,flat file or unidentified method
0015Y00004OFlAx,Eugene and Agnes E. Meyer Foundation,Customer,Medium,0.12,SMB,,,,TRUE,established integration method
0011O00002GJD60,Titon,Former Customer,Churning,,UK,,,,,flat file or unidentified method
0011O00001yoXQQQA2,TripleLift,Customer,Low,,MM,,,,TRUE,established integration method
0011400001pYQZG,Bradford Building Supplies Limited,Customer,Medium,0.01,UK,,TRUE,,,established integration method
0011O000021LFgC,Claflin University,Customer,High,0.48,MM,,,,,flat file or unidentified method
0011O00002GJNCe,"Cuningham Group Architecture, Inc.",Customer,High,0.07,MM,,,TRUE,,established integration method
0011400001pYPDj,Scott Bader Company Ltd,Customer,Medium,0.12,UK,,TRUE,TRUE,,established integration method
0011400001aqvpI,Moneycorp Shared Services Limited,Customer,Low,0,UK,,TRUE,,,established integration method
0011400001s4xAu,HopeWest,Customer,Low,,MM,,,TRUE,TRUE,established integration method
0011O00002GYu57,Swift Medical,Customer,Churning,,CAN,,,,TRUE,established integration method
0015Y00004eCOLj,Turnkey Modular Systems,Customer,High,,CAN,,,,,flat file or unidentified method
0015Y00002pzYLb,TD Therapy Services,Former Customer,Churning,,SMB,,,,TRUE,established integration method
0011O00002Dh54L,High Tide Inc,Former Customer,Churning,,CAN,,,,,flat file or unidentified method
0011400001s5CpMAAU,Center for Human Development,Customer,Low,,MM,,,,,flat file or unidentified method
0015Y00004xsK1O,Trade Nation Financial UK Ltd.,Former Customer,Churning,,UK,,,TRUE,,established integration method
001a000001M9geCAAR,Accor SA,Customer,Low,,Intl,,,,,flat file or unidentified method
0011400001j4D8U,American Arbitration Association Inc.,Former Customer,Churning,,MM,,,,TRUE,established integration method
0011400001pYNhN,Exertis,Customer,Medium,,UK,,,,,flat file or unidentified method
0011O00002GIoT3,PierianDx,Former Customer,Churning,,SMB,,,,,flat file or unidentified method
0015Y00004jRkWc,"Agorus, Inc.",Former Customer,Churning,,SMB,,,TRUE,,established integration method
0011O000024yyfr,"Capital Integration Systems, LLC",Former Customer,High,,FINS,,,,,flat file or unidentified method
0011O00002AmavX,"Ruoff Mortgage Company, Inc.",Former Customer,High,,FINS,,,,,flat file or unidentified method
0015Y00002Zv8Hx,Paradise Tomato Kitchens Inc,Customer,Low,,MM,,,,,flat file or unidentified method
0011400001mGIPd,Ohio Transmission Corporation,Former Customer,Churning,,ENT,TRUE,,,,established integration method
0011O00002Ix7oh,Corndel Ltd.,Former Customer,Churning,,UK,,,,TRUE,established integration method
0011400001oWE2cAAG,First Premier Bank,Customer,Low,,ENT,,,,,flat file or unidentified method
0013000000qHwN7,Clean Energy Fuels Corp.,Former Customer,High,,MM,,,,,flat file or unidentified method
0011O00002BT4zC,Elvie,Former Customer,Churning,,UK,,,,TRUE,established integration method
0011O00002OLsKQ,Florida Presbyterian Homes Inc,Former Customer,Churning,,MM,,,,,flat file or unidentified method
0011400001s5DDt,Couchbase Inc,Former Customer,Churning,,MM,,,,,flat file or unidentified method
0015Y00003zcawF,Evora Equity Inc.,Customer,Low,0.04,CAN,,,TRUE,TRUE,established integration method
0011400001s5Dg5,Envision,Customer,Low,0.05,MM,TRUE,,,,established integration method
0011400001eefSF,American Bible Society,Customer,Churning,0.04,SMB,TRUE,,,TRUE,established integration method
0011O00002Ht91M,"GG Canada, Great Gulf Canada Corp",Customer,Medium,0.12,CAN,TRUE,,,,established integration method
0011400001s4x7w,Stitching Greenpeace Council,Customer,Low,0.13,Intl,TRUE,,,,established integration method
0011400001qz6Yu,"Maverik, Inc.",Customer,High,0.09,SUB,TRUE,,,,established integration method
0011400001iDjW4,Franchise Management Inc.,Customer,Low,0.1,CAN,TRUE,,,,established integration method
0015Y0000666TTj,Noble 33,Customer,Low,0.03,SMB,,,,TRUE,established integration method
0015Y00002YYeGU,Tiber Health,Customer,Churning,0.84,MM,TRUE,,,,established integration method
0011400001s6fMi,Arizona Cardinals Football Club LLC,Customer,Medium,0,MM,TRUE,,TRUE,,established integration method
001OO00000LdJ6o,"Luke Holdings, Inc.",Customer,Medium,0.08,SMB,,,,,flat file or unidentified method
0011400001fMmAD,Shift4Payments LLC,Customer,Low,0,ENT,TRUE,,,,established integration method
0011400001s3hKj,Habitat for Humanity of Hillsborough County,Customer,High,0.04,SMB,,,,TRUE,established integration method
0011O00001zwfPX,"Curaleaf, Inc.",Customer,Medium,0,ENT,TRUE,TRUE,TRUE,,established integration method
0013000000qHzjX,"AvalonBay Communities, Inc.",Customer,Medium,0.09,ENT,TRUE,,,,established integration method
001OO00000OolEC,Cypress Five Star,Customer,Low,,SMB,,,TRUE,TRUE,established integration method
0011O000022JNSo,"Yeoman Asset Management, LLC, d/b/a/ Red Dot Storage",Former Customer,Churning,,FINS,TRUE,TRUE,,,established integration method
0015Y00002lKx6m,Zimeno Inc.  DBA Monarch Tractor,Customer,High,0.55,MM,TRUE,,,TRUE,established integration method
0011O00002IOCtk,The END Fund,Customer,Low,0.41,SMB,,,,TRUE,established integration method
0011400001s4wyX,Delmanor Seniors Communities Inc.,Customer,Low,0.14,CAN,,,,,flat file or unidentified method
0011O00002G0Wet,Energy Transportation Group,Former Customer,Churning,,CAN,TRUE,,,,established integration method
0015Y00005cWQ7m,ThriveAP,Former Customer,Churning,,SMB,,,,,flat file or unidentified method
001OO00000HbMizYAF,Straightaway Tire & Auto,Customer,Low,,SMB,,,,,flat file or unidentified method
001OO00000S9OawYAF,Kinterra Capital,Customer,Low,,CAN,,,,,flat file or unidentified method
0011O000022Jq53,Senior Village Management LLC,Former Customer,Churning,,FINS,,TRUE,,,established integration method
0011O00001xSXuZ,Vasa Fitness LLC,Former Customer,Churning,,ENT,TRUE,TRUE,,,established integration method
0015Y00002ZupMD,Ewing Kessler,Customer,Low,,SMB,,,,,flat file or unidentified method
0011400001qzArM,Las Vegas Raiders,Former Customer,Churning,,MM,,,,,flat file or unidentified method
0015Y00002ZvC7c,Stuffed Puffs LLC,Former Customer,Churning,,SMB,,,,TRUE,established integration method
0015Y00003Di2CI,Atalian SA,Former Customer,High,,Intl,,,,,flat file or unidentified method
0013000000qI0F2,Memorial University of Newfoundland,Former Customer,High,,CAN,,,,,flat file or unidentified method
0011O00002BTI8y,Fullsteam,Customer,Low,,MM,,,,TRUE,established integration method
0011O00002E6Ybp,TemperPack,Customer,Low,,MM,,,TRUE,,established integration method
0015Y00004OFh58,St. Thomas Church of New York,Customer,High,,SMB,,TRUE,,,established integration method
0011O000024ycLH,Ampirical Solutions,Customer,Low,,SUB,,,TRUE,,established integration method
001a000001T5jdl,"ARKRAY America, Inc.",Former Customer,Churning,,MM,TRUE,,,,established integration method
0011O00001zxdx6,"Rockefeller Philanthropy Advisors, Inc.",Former Customer,Churning,,SMB,TRUE,,TRUE,TRUE,established integration method
0015Y00002tER77,Riverence Holdings LLC,Customer,Low,,MM,,,TRUE,TRUE,established integration method
0011O000024ydQ6,Kinark Child and Family Services,Customer,Medium,0,CAN,,,,TRUE,established integration method
0011O0000250fns,Gincor Industries Inc.,Customer,Low,0.03,CAN,,,TRUE,TRUE,established integration method
0011400001hFDLw,"The Garland Company, Inc.",Customer,High,0.1,MM,,,,,flat file or unidentified method
001OO00000HHqI9,Panoramic Strategy,Customer,Medium,0,SMB,,,,TRUE,established integration method
0015Y00003qVLoa,"BELGISCHE VERENIGING VAN AUTEURS,  COMPONISTEN EN UITGEVERS CV (SABAM CV)",Customer,Churning,0.78,Intl,,TRUE,,,established integration method
0015Y00002lxjij,Abris-CEE Holdings Limited,Customer,Low,0,Intl,TRUE,,TRUE,,established integration method
001a0000016jGsq,"Matson Navigation Company, Inc.",Customer,Low,0.24,ENT,TRUE,TRUE,,,established integration method
0011400001pYOUu,Beko PLC,Customer,Low,0,UK,,,,,flat file or unidentified method
0011400001qzCSM,"Experitec, Inc.",Customer,Medium,0.05,MM,TRUE,,TRUE,,established integration method
0015Y00004T7Z8q,Agro Care Ontwikkeling,Customer,Low,0.16,Intl,,,TRUE,TRUE,established integration method
0015Y00002aeAzN,"Grant New Homes, LLC",Customer,High,0.06,FINS,TRUE,,,,established integration method
0015Y00002mm8rz,Umoja Biopharma,Customer,Low,0.12,MM,,,,TRUE,established integration method
0011400001s3Nb3,Richelieu Hardware Ltd.,Customer,Medium,0.09,CAN,TRUE,,,,established integration method
001OO000001cVgc,Industrial Metals (2011),Customer,Medium,0.01,CAN,,,,TRUE,established integration method
0015Y000053AsKY,Structural Truss Systems LTD.,Customer,Medium,0.29,CAN,,,,TRUE,established integration method
0011400001eiDye,D-Wave Commercial Inc.,Customer,Low,0.01,CAN,,,TRUE,TRUE,established integration method
0011400001pYOtx,Schuh Limited,Customer,Low,0.01,UK,,TRUE,TRUE,,established integration method
001a0000016icZc,Crescent Electric,Customer,Low,0,ENT,TRUE,,,,established integration method
0011400001qzIzZ,Wright-Hennepin Cooperative Electric Association,Customer,High,0.27,MM,,,,,flat file or unidentified method
0013000000qHxf3,Renaissance Health Service Corporation,Customer,Medium,0.05,FINS,TRUE,,,,established integration method
0011400001qzPZm,MGAC,Customer,Low,0.03,MM,,,TRUE,,established integration method
001OO000008awCG,"Soleno Therapeutics, Inc.",Customer,Churning,0.58,SMB,,,,TRUE,established integration method
0011400001jpbV4,UC Davis Health,Customer,Low,0.15,ENT,TRUE,,,,established integration method
0015Y00002tEPxJ,Contractor Nation,Customer,High,0.04,ENT,TRUE,,,TRUE,established integration method
0015Y00002YaO9X,Let's Pave,Customer,Low,0.06,SMB,TRUE,,,TRUE,established integration method
0011O00002NeCht,"Ideal Living Management, LLC",Customer,Low,0.04,SMB,,,TRUE,TRUE,established integration method
0011400001qzJAO,Morgan Construction and Environmental Ltd.,Customer,Low,0.02,CAN,,,TRUE,,established integration method
0011O00002GIsPA,"Appodeal, Inc.",Customer,High,0.75,SMB,,,,TRUE,established integration method
0011400001e6gyz,"F. D. Thomas, Inc.",Customer,High,0.66,SUB,,TRUE,,,established integration method
0011400001s4wya,Delta Community Supports Inc,Customer,Low,0.05,MM,TRUE,,,TRUE,established integration method
0015Y00003LZXyJ,"Group Fox, Inc.",Customer,High,0.25,FINS,,,,,flat file or unidentified method
0011400001jqBwN,Hanson Bridgett LLP,Former Customer,Churning,,MM,,,,,flat file or unidentified method
NA,,,,,,,,,TRUE,established integration method
0011400001aoSbc,Klein Steel Service Inc.,Former Customer,Churning,,SMB,,,,,flat file or unidentified method
0011O000027CZ81,Massachusetts League of Community Health Centers,Former Customer,Churning,,SMB,,,,,flat file or unidentified method
001a000001Uxmrg,"Farnsworth Group, Inc.",Former Customer,Churning,,MM,TRUE,,,TRUE,established integration method
001OO00000PDZ4o,OneSeven,Customer,Low,,FINS,,,,TRUE,established integration method
001a000001TMbn0,"Valet Living, LLC",Customer,Low,,ENT,,,TRUE,,established integration method
0011O00002UUkow,PetWell Partners,Former Customer,Churning,,SMB,,,,,flat file or unidentified method
0011O00001yoefeQAA,"Anomali, Inc.",Customer,Medium,,MM,,,,TRUE,established integration method
0011O00002O1rHh,GHR Foundation,Former Customer,High,,SMB,,,,TRUE,established integration method
0015Y00003zgP85,Horizon Blockchain Games,Former Customer,Churning,,CAN,,,,,flat file or unidentified method
0011O000022H8YC,Primus Builders,Former Customer,Churning,,MM,TRUE,,,,established integration method
0015Y00002rooovQAA,Myerson Limited,Customer,Low,,UK,,,,,flat file or unidentified method
001OO00000WLdIWYA1,Precision Point Metrics,Customer,Low,,SMB,,,,,flat file or unidentified method
0011O00002A8JMm,WorldRemit Ltd,Former Customer,Churning,,UK,,,,,flat file or unidentified method
001a000001XQUAb,Akron Children's Hospital,Former Customer,Churning,,ENT,TRUE,,,,established integration method
0015Y00002ZvpQ6QAJ,Quility Services LLC,Customer,Low,,MM,,,TRUE,TRUE,established integration method
001OO00000CP8LFYA1,Faith Christian Church,Customer,Low,,Intl,,,,,flat file or unidentified method
0011400001r0N2c,Hospice of the Valley,Former Customer,High,,MM,,,,,flat file or unidentified method
0011O00002EtKbj,"Specialist Risk Investments Ltd., company number 11099339",Former Customer,High,,UK,,,,,flat file or unidentified method
0011400001qfvXQ,KIPP Philadelphia,Former Customer,Churning,,MM,,,,,flat file or unidentified method
0013000000qHvm8,TEC Specialty Products,Customer,Low,,ENT,,,,,flat file or unidentified method
0011O00002VPARY,OSF Global Services Inc.,Customer,High,,CAN,,,,TRUE,established integration method
0011400001qzLL6,"JS Products, Inc.",Former Customer,Churning,,MM,,,,,flat file or unidentified method
0015Y00003QQ462,Hypotheek Visie,Prospect,Low,,Intl,,,,,flat file or unidentified method
0011400001hudrs,HomeChoice (Pty) Ltd.,Customer,Low,0.36,Intl,,,,,flat file or unidentified method
0011O00002AKPw7,BetterBody Foods,Customer,Churning,0.83,MM,,,,,flat file or unidentified method
0013000000qHwVa,Amphenol Benelux B.V.,Customer,Low,0,MM,TRUE,,TRUE,,established integration method
001OO00000GkPF7,Bioderm Inc.,Customer,Low,0.16,MM,TRUE,,,,established integration method
0011O0000250ypj,Globe Electric,Customer,Low,0.01,CAN,,,,,flat file or unidentified method
0011400001s4xKh,Matrix Solutions Inc,Customer,Churning,0.7,CAN,,,,,flat file or unidentified method
0011O000022IPhK,Craft3,Customer,High,0.19,FINS,,,,TRUE,established integration method
001OO000003f4UL,The Law Society of Alberta,Customer,Low,0.14,CAN,,,,TRUE,established integration method
0011400001qzB6s,"Palmer Trucks, Inc.",Customer,Medium,0.2,MM,TRUE,,,,established integration method
0015Y00002eGNVH,Ocean Outdoor UK Ltd,Customer,Low,0.03,UK,,,,TRUE,established integration method
0015Y00002eG6wB,Air Bearings Ltd,Customer,Churning,0.54,UK,,,TRUE,,established integration method
0013000000qI0fC,Manitoba Liquor & Lotteries Corporation,Customer,Medium,0.02,CAN,,,,,flat file or unidentified method
0011400001aDvIP,Jewelers Mutual Insurance Company,Customer,Medium,0.29,FINS,,,,,flat file or unidentified method
0015Y00004zjRVZ,CMI Group,Customer,High,0.9,MM,TRUE,,,TRUE,established integration method
0015Y00002pzWEy,Community Connections Inc.,Customer,Low,0.04,MM,,,,,flat file or unidentified method
001OO00000CVl5N,Dormole Limited,Customer,Low,0.01,UK,,,TRUE,,established integration method
0011O00001ymkzT,Passport Incorporated,Customer,Low,0.3,MM,,,,TRUE,established integration method
001a000001H1JaW,"The Susan G. Komen Breast Cancer Foundation, Inc. d/b/a Susan G. Komen",Customer,Low,0.01,MM,,,,,flat file or unidentified method
0015Y00003gyUAM,Emerald Communities,Customer,High,0.01,MM,TRUE,,,,established integration method
0011O00002GJIay,Troy Bank and Trust Co,Customer,Medium,0.02,FINS,,,,,flat file or unidentified method
0013000000qHx1t,Wenger Corporation,Customer,Low,0.06,MM,,TRUE,,,established integration method
0011O00002GJm5l,Paratus AMC Limited (t/a Foundation Home Loans),Customer,Low,0.03,UK,,,,,flat file or unidentified method
0011O00002FagVF,National Ability Center,Customer,Low,0.05,MM,,,,TRUE,established integration method
0011400001s5DJF,Rahr Corporation,Former Customer,Churning,,MM,TRUE,,,,established integration method
0011O00002RLMR0,SPECIAL FRUIT NV,Former Customer,Churning,,Intl,TRUE,,,,established integration method
0013000000qHw5j,Scholastic Canada Ltd.,Customer,Medium,0.22,ENT,TRUE,,,,established integration method
0011O0000250GEi,"FreshRealm, LLC",Customer,Low,0.06,MM,,TRUE,TRUE,,established integration method
0015Y00002YYlcz,Andlauer Healthcare Group Inc,Customer,Medium,0.07,CAN,,,TRUE,TRUE,established integration method
0011O00002IvmBV,"Centennial Real Estate Management, LLC",Former Customer,High,,FINS,,TRUE,,,established integration method
0015Y00002ZuDLSQA3,Action1 Corporation,Customer,High,,SMB,,,,,flat file or unidentified method
0011400001udasV,@properties,Former Customer,Churning,,ENT,,,,,flat file or unidentified method
0015Y00003qWBDd,"EXA Capital, Inc.",Customer,High,,MM,,,,TRUE,established integration method
0011O00002U78kU,Fullscript,Former Customer,Churning,,CAN,,,,,flat file or unidentified method
0015Y000030qI0w,eCampusOntario,Former Customer,Churning,,CAN,,,,TRUE,established integration method
001OO00000XilTJYAZ,ProSight Financial Association,Customer,Low,,MM,,,,TRUE,established integration method
0011400001pYQbc,The National Autistic Society,Former Customer,Churning,,UK,,,,TRUE,established integration method
0011400001qzITo,Kidder Mathews LLC,Former Customer,High,,FINS,TRUE,,,,established integration method
001a000001Uxnt4AAB,"Ohel Children's Home and Family Services, Inc.",Customer,Low,,MM,,,,TRUE,established integration method
0011O00002B5ZwX,Vena Solutions Test Account,Partner Prospect,High,,CAN,TRUE,,TRUE,TRUE,established integration method
0011O000022KqUN,Benchmark Community Bank,Former Customer,Churning,,FINS,,,,,flat file or unidentified method
0015Y00003YlEVk,Atlanta Speech School,Customer,Low,,MM,,,,,flat file or unidentified method
0011400001qzC94,STEMCO LP,Former Customer,Churning,,SUB,,,,,flat file or unidentified method
0011400001oVUPE,LPM Holding Co.,Former Customer,Churning,,SMB,,,,,flat file or unidentified method
0015Y00003qW7L3,MWINGZ BV/SRL,Former Customer,Churning,,Intl,,,,,flat file or unidentified method
0011400001s5CTh,BlueCat Networks Inc,Former Customer,High,,CAN,TRUE,,,TRUE,established integration method
001OO00000frN5LYAU,"TRS Services, LLC",Customer,Low,,SMB,,,,,flat file or unidentified method
0011O0000250KdX,Motion and Flow Control Products,Customer,Low,0.11,MM,TRUE,,,,established integration method
0011400001s5EH4,Hattie Larlham,Customer,Low,0.09,MM,TRUE,,,,established integration method
0011O00002IxEtf,"Astoria Generating Company, L.P.",Customer,Low,0.08,MM,,,,,flat file or unidentified method
0011O000021L4u2,Morrison-Maierle,Customer,Medium,0.11,MM,,,TRUE,,established integration method
0015Y00002oCZXz,Cintra HR & Payroll Services,Customer,Low,0.29,UK,,,,TRUE,established integration method
0013000000qHxok,"HW Management, Inc.",Customer,Low,0.01,ENT,,TRUE,TRUE,TRUE,established integration method
0015Y00003zfWxQ,"Hadrian Automation, Inc.",Customer,Low,0.48,MM,,,TRUE,TRUE,established integration method
0015Y00003zdczk,Vault 44.01 Ltd.,Customer,Medium,0.03,SMB,TRUE,,TRUE,TRUE,established integration method
001a000001UxnoD,New Process Steel,Customer,Medium,0.1,MM,TRUE,,,,established integration method
0011O00002GJJms,"The Rasa Floors Company, LLC",Customer,Medium,0.04,MM,,TRUE,,,established integration method
0015Y00003qXXVo,Fullterra,Customer,Low,0,SMB,,,,TRUE,established integration method
001a000001ENw55,Furst-McNess Company,Customer,High,0.36,MM,TRUE,,,,established integration method
0011400001aCex7,MicroDental Labs,Customer,Medium,0.04,CAN,,TRUE,TRUE,TRUE,established integration method
0011400001oW661,Baggermaatschappij Boskalis  B.V.,Customer,Low,0.02,Intl,TRUE,,TRUE,,established integration method
001a000001UxmZj,Craig Hospital,Customer,Medium,0.13,MM,TRUE,,,,established integration method
0011400001fLjhY,Sharonview Federal Credit Union,Customer,Low,0.02,FINS,TRUE,,,,established integration method
0013000000qHwrc,Greenfield Specialty Alcohols Inc.,Customer,Low,0,CAN,TRUE,,TRUE,,established integration method
0011O00002SJXeY,Community College Research Center,Customer,Low,0.06,ENT,,,,,flat file or unidentified method
001a000001KJQjZ,LifeVantage Corporation,Customer,High,0.43,MM,TRUE,,,,established integration method
0015Y00002ZuMKj,Groq Inc,Customer,Churning,,MM,,,,TRUE,established integration method
0011400001eegki,Royal Farms,Customer,Medium,0,ENT,TRUE,,TRUE,,established integration method
001OO000007DXlP,Very Good Ventures,Customer,Churning,0.76,SMB,,,,TRUE,established integration method
0011O00002AmDGn,TuSimple,Former Customer,Churning,,MM,,,,TRUE,established integration method
0011O00002GJNcS,Pabst Brewing Co,Customer,Low,,MM,,,TRUE,,established integration method
0015Y00003B7TsY,ecosecurities,Former Customer,Churning,,Intl,,,,,flat file or unidentified method
0011400001s5CS6,BH Management Services Inc,Former Customer,Churning,,ENT,,,,,flat file or unidentified method
0011O00002CgTNu,"Apiture, Inc.",Former Customer,High,,MM,TRUE,,,TRUE,established integration method
0015Y00002ZvBzm,BrandStar Inc,Former Customer,Churning,,MM,,,TRUE,,established integration method
0011O000024yVyC,OneTrust International LLC,Former Customer,Churning,,FINS,TRUE,,,,established integration method
0011400001vchBd,Firmex,Former Customer,High,,CAN,,,,,flat file or unidentified method
0013000000qI0Vq,Motor CITY Electric Technologies Inc.,Former Customer,Churning,,MM,,,,,flat file or unidentified method
0011O000024yonB,Hemophilia of Georgia Inc,Former Customer,Churning,,MM,TRUE,,,,established integration method
0011O000021Ku4q,Hurricane Energy plc,Former Customer,Churning,,UK,TRUE,,,,established integration method
0011O000022IQtm,OVE DECORS,Former Customer,Churning,,CAN,,,,,flat file or unidentified method
0011O00001xRrvY,Avineon,Former Customer,Churning,,MM,,,,,flat file or unidentified method
0011400001pYST3,ACO Technologies,Former Customer,High,,UK,,,,,flat file or unidentified method
0011O00002HsJSoQAN,Mohawk Medbuy Corporation,Customer,Low,,CAN,,,TRUE,,established integration method
0011O00002IxD3P,Hypergiant,Former Customer,Churning,,MM,,,,,flat file or unidentified method
0011O00002A7SKuQAN,Shaw Development,Customer,Low,,SMB,,,TRUE,,established integration method
0015Y00002rmaiV,ARM Institute,Customer,Low,0.01,SMB,,,,TRUE,established integration method
001a000001T5jec,Kemper Sports,Customer,Churning,0.82,ENT,TRUE,,,,established integration method
0011400001s5DlA,Sitnasuak Native Corporation,Customer,High,0.4,MM,,,,TRUE,established integration method
0011O00002DOzT6,Epson Portland Inc.,Customer,Medium,0.04,ENT,,TRUE,,,established integration method
0015Y00004rJyGA,Commercial Vehicle Charging Europe B.V,Customer,Low,0,Intl,TRUE,,TRUE,,established integration method
001OO00000TlWIP,"Petvisor Holdings, LLC",Customer,Low,0.01,SMB,,,,TRUE,established integration method
0011O00002FFk6z,"New York Islanders Hockey Club, L.P.",Customer,Low,0.15,MM,,,,TRUE,established integration method
0015Y00002Zuw0p,RLF Inc,Customer,High,0.67,MM,,,,,flat file or unidentified method
0011O00002QZ3cQ,Rarebreed Veterinary Partners,Customer,Low,0,MM,,TRUE,TRUE,TRUE,established integration method
0015Y00003QOz6I,"Hillspire, LLC",Customer,High,0.12,MM,TRUE,,,TRUE,established integration method
0015Y00002p7AbA,"Sysco Guest Supply, LLC",Customer,Low,0.01,SMB,TRUE,,,,established integration method
0011O00001zwfQh,Just Energy Corp,Customer,Medium,0,CAN,,,TRUE,,established integration method
0011400001s5DS3,Diocese of San Diego,Customer,Low,0.25,ENT,,TRUE,,,established integration method
0015Y00002ZvEZO,Highlands Community Services,Customer,Low,0.62,MM,,,,TRUE,established integration method
0011O00002Er6mx,Making Space,Customer,Low,0.81,UK,,,,,flat file or unidentified method
001OO000008FMoP,The Edwin Group,Customer,High,0.05,UK,,,,TRUE,established integration method
001a000001Uv6lG,"Isagenix International, LLC",Customer,Medium,0.1,MM,TRUE,,,,established integration method
0011O00002Ivl8E,Horizon Care and Education Group,Customer,Medium,0,UK,,,,TRUE,established integration method
0011O00002UUknK,Santa Clara Valley Water District,Customer,Medium,0.1,MM,TRUE,TRUE,TRUE,,established integration method
0015Y00002rm4ya,Chats,Customer,High,0.1,CAN,,,,TRUE,established integration method
0011O00002420Qf,New Horizons,Customer,Low,0.24,SMB,,,,TRUE,established integration method
0011O000021KHyF,TouchBistro,Customer,Medium,0.03,CAN,,,,TRUE,established integration method
0015Y00002ZuoMO,iTech AG,Customer,Medium,0,SMB,,,,,flat file or unidentified method
0015Y00002eI5ey,Inline Group,Customer,Low,0.01,CAN,,,,TRUE,established integration method
0011400001qzOon,Goodwill of Southwestern Pennsylvania,Former Customer,High,,MM,TRUE,,,,established integration method
0011O000024yybl,Groupe Dynamite Inc.,Customer,Low,0,CAN,TRUE,,,,established integration method
0015Y00003YmJuX,"CEV Multimedia, LLC",Customer,Low,0.4,SUB,,,,TRUE,established integration method
0015Y00003zfoy9,AppHub LLC,Former Customer,Churning,1,SMB,TRUE,,,TRUE,established integration method
0011400001qzMNV,RGO,Customer,Medium,0.02,CAN,,,,,flat file or unidentified method
0011400001mt7TN,Northwest Center,Customer,Low,0.01,MM,TRUE,,,,established integration method
0011400001r0ZNX,MRO,Former Customer,Churning,,MM,,,,,flat file or unidentified method
0015Y00002ZuQDg,Spika Design & Manufacturing Inc,Former Customer,Churning,,SMB,,TRUE,,,established integration method
0015Y00002rpXah,Creative Energy,Former Customer,Churning,,SMB,TRUE,,,,established integration method
001OO00000548ST,Médecins Sans Frontières,Customer,Medium,,Intl,,TRUE,TRUE,,established integration method
0015Y00003DjMeW,Acertis S.à r.l,Customer,Medium,,Intl,,,,,flat file or unidentified method
0015Y00004HKUNF,Capstan,Customer,Churning,,SMB,,,,TRUE,established integration method
0015Y00002YbR8F,Kigen (UK) Limited,Former Customer,Churning,,UK,,,,,flat file or unidentified method
0011O00002GJMa6,Savoy Associates,Former Customer,Churning,,FINS,,TRUE,,,established integration method
0015Y00002Zv9PV,Paydar Properties Inc,Former Customer,Churning,,FINS,,,,,flat file or unidentified method
0015Y00002tETC7QAO,Avidian Wealth Solutions,Customer,Low,,FINS,,,,,flat file or unidentified method
0011O00001ykr6t,RGL Reservoir Management,Former Customer,Churning,,CAN,,,,,flat file or unidentified method
0011O000024ynEm,Spinnaker Support,Former Customer,Churning,,MM,,,,TRUE,established integration method
0011O000024zB6J,Eclipse Automation,Former Customer,Churning,,CAN,,,,,flat file or unidentified method
0011O0000251jXn,Crosby Company of New Hampshire LLC,Former Customer,High,,FINS,TRUE,,,,established integration method
0015Y00003zddRy,Ochre Bio LTD.,Former Customer,High,,UK,,,,,flat file or unidentified method
0011O0000241qbU,R3,Former Customer,Churning,,UK,,,,,flat file or unidentified method
0011O00002K98mE,Meriplex Communications,Former Customer,Churning,,MM,,,,TRUE,established integration method
0011O00002GYuEe,Wild Fork Foods,Former Customer,High,,SUB,,,,,flat file or unidentified method
0011400001s5EBqAAM,Gunstock Mountain Resort,Customer,Low,,MM,,,,TRUE,established integration method
0015Y00005rcjrp,Canopy,Former Customer,Churning,,SMB,,,,TRUE,established integration method
0011400001s5DBm,Transforming Age,Former Customer,Churning,,ENT,,,,TRUE,established integration method
0011O00002ON0ca,World of Books,Customer,Medium,0.01,UK,TRUE,,TRUE,TRUE,established integration method
0015Y00003qVUjh,The Wine Company,Customer,High,0.18,SMB,TRUE,,,,established integration method
0011O00002IvLiv,Cedarhurst Senior Living LLC,Customer,Low,0.02,ENT,TRUE,,,,established integration method
0011O0000251wKW,Vitalant,Customer,Low,0.11,ENT,,,,,flat file or unidentified method
0011400001gDCD0,"American Civil Liberties Union, Inc.",Customer,Low,0.05,MM,,,,TRUE,established integration method
0011400001e316m,Reunion Resort,Customer,High,0.11,FINS,,,,TRUE,established integration method
0011400001lGRzC,RoadSafe Traffic Systems,Customer,Churning,0.51,MM,,,,,flat file or unidentified method
0015Y00002zzS12,Murmuration,Customer,Medium,0.43,SMB,,TRUE,TRUE,TRUE,established integration method
0011O0000250x0q,Oliver And Bonacini Restaurants,Customer,Low,0.01,CAN,TRUE,,TRUE,,established integration method
0015Y00002Zv9Dm,"Diversified Service Options, Inc. dba GuideWell Source",Customer,Medium,0.18,ENT,,TRUE,,,established integration method
0011400001qzEzP,"Power Stop, LLC",Customer,Medium,0.01,MM,,TRUE,,TRUE,established integration method
0011O00002U77nK,Children's Miracle Network Hospitals,Customer,Low,0.08,MM,TRUE,TRUE,,TRUE,established integration method
0011O00002SBOtD,Firelands Scientific,Customer,Low,0.25,FINS,,,,TRUE,established integration method
0011400001s5D9q,"ConforMIS , Inc.",Customer,High,0.49,MM,TRUE,,TRUE,,established integration method
0011400001s5DdC,Elopak ASA,Customer,Low,0,Intl,,,TRUE,,established integration method
0011O000021LMiv,RIMES Technologies Corporation,Customer,Medium,0.02,MM,TRUE,,,,established integration method
0015Y00003qU9GR,Atlantic Shores Offshore Wind,Customer,High,0.94,SMB,,,,,flat file or unidentified method
0011O00002GJM1M,Las Vegas Review-Journal Inc,Customer,Medium,0.04,MM,,TRUE,,,established integration method
0011400001qzMv4,Mogo Finance Technology Inc.,Customer,Medium,0.08,CAN,TRUE,,,TRUE,established integration method
0011O000022KXrA,Atlantic Mining NS Inc,Customer,Low,0.14,CAN,TRUE,,,,established integration method
0011O0000250Jxw,Center for Reproductive Rights,Customer,High,0.01,MM,,TRUE,TRUE,TRUE,established integration method
0011400001eefoO,Duncan Solutions,Customer,Medium,0,MM,,,,TRUE,established integration method
0015Y00002YYDwb,Semperis,Former Customer,High,,MM,,,,TRUE,established integration method
0011400001ZXrRF,"Parker, Smith & Feek, Inc.",Former Customer,Churning,,SUB,TRUE,,,,established integration method
0011400001qzLtO,Buck Knives,Former Customer,High,,MM,TRUE,,,,established integration method
0015Y00002njO5R,"Accrete, Inc.",Former Customer,Churning,,SMB,,,,,flat file or unidentified method
0011400001lFzCs,"Trulite Glass & Aluminum Solutions, LLC",Customer,Low,0,SUB,TRUE,,,,established integration method
0015Y00002Zvk1g,3DEO,Customer,High,0.54,MM,,,,TRUE,established integration method
001OO00000ECf94,"Eikon-X, LLC",Customer,High,0.85,SMB,,,,TRUE,established integration method
0011O0000251tCd,Greenville Spartanburg Airport District,Former Customer,Churning,,MM,,,,,flat file or unidentified method
0013000000qHwSo,State Street Bank and Trust Company,Customer,Medium,0.1,ENT,TRUE,,,,established integration method
0015Y00003zeSCW,"Segterra, Inc., d/b/a InsideTracker",Customer,Churning,1,SMB,,,,TRUE,established integration method
0015Y00003gx5C4,Mtndewds Distribution iNC.,Former Customer,Churning,,CAN,,,,,flat file or unidentified method
0011400001qzE4J,Fullerton Joint Union High School District,Former Customer,High,,Intl,,,,,flat file or unidentified method
0011O0000241yY6,Aravo Solutions Inc,Former Customer,High,,MM,,,,TRUE,established integration method
001OO00000GZDHJYA5,Ballerina Farm,Customer,Low,,SMB,,,,TRUE,established integration method
001OO00000Ew9XX,MY.GAMES HOLDINGS LTD.,Customer,Low,,Intl,,,TRUE,,established integration method
001a000001NAZLR,"Allied Mineral Products, Inc.",Former Customer,High,,MM,TRUE,,,,established integration method
0011400001pYNUHAA4,PGMS (IRISH BRANCH)-Standard Life UK UK,Customer,Low,,SUB,,,,,flat file or unidentified method
0011O000024yXfT,AuditBoard Inc,Former Customer,Churning,,MM,,,,,flat file or unidentified method
0011400001fMmOR,REDW LLC,Former Customer,High,,MM,,,,,flat file or unidentified method
0011O00002QZ4tV,Metis Nation Saskatchewan,Former Customer,High,,CAN,,,,,flat file or unidentified method
0013000000qHweS,ATB Financial Services,Former Customer,Churning,,CAN,,,,,flat file or unidentified method
0015Y00002ZumvI,Thin Film Technology Corporation,Former Customer,Churning,,SMB,,,TRUE,,established integration method
0011O00002VQNe0,Red White & Bloom,Former Customer,Churning,,CAN,TRUE,,,TRUE,established integration method
0011O000021adq4,Hines Corporation,Former Customer,Churning,,MM,TRUE,,,,established integration method
0011O00002AO4OY,Extensis Group LLC,Former Customer,Churning,,MM,,TRUE,,,established integration method
0011O00001yoC3C,Lutheran Hour Ministries,Former Customer,Churning,,MM,,,,TRUE,established integration method
001OO00000VUsfR,Reuzel,Customer,Low,,SMB,,,,TRUE,established integration method
001OO000008hL4d,Keep Tahoe Blue,Customer,Medium,0.05,SMB,,,,TRUE,established integration method
0015Y00003YnwlP,TerreStar Solutions Inc.,Customer,Low,0.06,CAN,,,,TRUE,established integration method
0015Y00004vUfxj,Prescient Security,Customer,Low,0.83,SMB,,,,TRUE,established integration method
0015Y00002ZuVF0,"TrueAero, LLC",Customer,Medium,0.71,SMB,,,,TRUE,established integration method
0011400001hxhdg,Winncom Technologies Corp.,Customer,High,0.99,SUB,,,,,flat file or unidentified method
0011O000022IJel,Dunelm (Soft Furnishings) Ltd.,Customer,Medium,0.03,UK,TRUE,,,,established integration method
0011400001qzAcC,Lifemark Health Corporation,Customer,Medium,0.07,CAN,TRUE,,,,established integration method
001a000001LOUp4,Laguna Development Corp.,Customer,Low,0.08,MM,,,,,flat file or unidentified method
0015Y00002uNT9s,Get Set UK,Customer,Churning,0.68,UK,,,TRUE,,established integration method
0011400001hEg1B,National Alliance on Mental Illness,Customer,Low,0.08,MM,TRUE,,,TRUE,established integration method
0011O000022GmNw,Group Fintech (PTY) LTD,Customer,High,0.05,Intl,TRUE,,,,established integration method
0011400001fMmMy,PowerPlan Inc.,Customer,Low,0.1,SUB,TRUE,,,TRUE,established integration method
0011400001s5Coz,Oil Changer Inc,Customer,High,0.01,MM,TRUE,,,,established integration method
0011400001aAzDy,"Ocean Spray Cranberries, Inc.",Customer,High,0.18,MM,TRUE,,TRUE,,established integration method
0015Y000056gNKL,"SpryPoint Services, Inc.",Customer,Low,0.01,CAN,,,,TRUE,established integration method
0015Y00002YYFWo,OSL Retail Services Inc.,Customer,Low,0.47,CAN,,,,TRUE,established integration method
0011O000022KIP5,Peoplesbank,Customer,Low,0.05,FINS,TRUE,,,,established integration method
0011400001qzC3s,City National Bank of West Virginia,Customer,Medium,0.01,FINS,TRUE,,,,established integration method
0011O00002AMzzE,"Fussball Club Cincinnati, LLC",Customer,Medium,0.38,MM,,,,TRUE,established integration method
0011O00002Cebnu,Rocky Mountain Elk Foundation Inc,Customer,Churning,0.88,MM,,,,,flat file or unidentified method
0011O00002Gzm3z,Selendy Gay PLLC,Customer,High,0.04,MM,,TRUE,TRUE,,established integration method
0015Y00004nsBXu,Neptune Medical,Customer,High,0.93,SMB,,,,TRUE,established integration method
0011O00001yoCxD,Great Clips Inc,Customer,Low,0.01,ENT,,,,TRUE,established integration method
0011400001waYdH,Cority Software Inc.,Customer,Medium,0.18,CAN,,,,,flat file or unidentified method
001a000001PZucu,MCNC,Customer,Churning,0.94,SUB,,,,TRUE,established integration method
0011O00001zxNeb,Visit California,Customer,Medium,0.07,MM,,TRUE,TRUE,TRUE,established integration method
0015Y00003QPzg3,Canada ICI Capital,Customer,Medium,0.13,CAN,,,,TRUE,established integration method
0013000000qHxHT,Ames Taping Tools,Customer,Medium,0.31,SUB,,,,,flat file or unidentified method
001a000001Pb4jL,"Corcentric, LLC",Customer,Medium,0.05,MM,TRUE,,,TRUE,established integration method
001a000001ENvay,"Birkey's Farm Store, Inc.",Customer,Low,0.07,MM,,,,,flat file or unidentified method
0015Y0000300hu5,Arcadea Group,Customer,Low,0,CAN,,,TRUE,TRUE,established integration method
0011O000021KztG,Centric Software Inc,Former Customer,Churning,,MM,,,,,flat file or unidentified method
0015Y00002tEQZ2,Mile High Early Learning,Customer,High,0.98,MM,,TRUE,,TRUE,established integration method
0011O00002ONmOB,Braeburn Inc.,Customer,Low,0.08,SMB,,,TRUE,TRUE,established integration method
001a000001KJYZm,"Basis Global Technologies, Inc. ",Customer,Low,0.02,MM,,,,TRUE,established integration method
001a000001LO5Vk,LifeWorks Austin,Customer,Low,0.03,SMB,,,,TRUE,established integration method
001a000001LO498,Jaynes Corp.,Customer,Low,0.27,MM,,TRUE,,,established integration method
0011400001uePwY,Peregrine Sports LLC,Customer,Churning,0.76,MM,,,,TRUE,established integration method
0011O00002OLsE8,Safety Management Group,Former Customer,Churning,,MM,,,,,flat file or unidentified method
Unknown,,,,,,,,,,flat file or unidentified method
0011400001qzJHD,"Health Insurance Innovations, Inc.",Former Customer,Churning,,SUB,TRUE,,,,established integration method
0011400001s5Bf0,"YES Management, LLC, dba YES! Communities",Former Customer,High,,FINS,TRUE,TRUE,,,established integration method
0011O000021K0SI,Potentia Renewables Inc.,Former Customer,Churning,,SUB,TRUE,,,TRUE,established integration method
0011400001ugKFp,Miovision Technologies Inc,Former Customer,Churning,,CAN,,,,,flat file or unidentified method
0011O000024zNwp,Mc2,Former Customer,Churning,,MM,TRUE,,,,established integration method
0013000000qI0KJ,"Berkley Technology Services, LLC",Customer,Low,,ENT,,,,,flat file or unidentified method
0011O00002GJJ40,Delphon Industries LLC,Former Customer,Churning,,MM,,,TRUE,,established integration method
0011O00002Cf5z4,EquiLend Holdings LLC,Former Customer,Churning,,MM,,,,TRUE,established integration method
0015Y00003qVNaj,Scythe Robotics,Customer,Churning,,SMB,,,TRUE,,established integration method
001a000001UxnMX,Kalmbach Publishing Co.,Former Customer,Churning,,MM,TRUE,,,TRUE,established integration method
0015Y00002YZlFm,Cobblestone Auto Spa,Former Customer,Churning,,MM,,,,,flat file or unidentified method
0011400001pYO6H,Volvo Group,Customer,Medium,,Intl,,,,,flat file or unidentified method
001OO00000MXlY9,SXWELL BELGIUM BV,Customer,Low,,Intl,,,TRUE,,established integration method
0011O00002IwYNg,Calgary Economic Development,Former Customer,Churning,,CAN,,,,TRUE,established integration method
001OO00000YHqQ5YAL,North Wind,Customer,Low,,MM,,,,,flat file or unidentified method
0011400001s5Dae,Elder Care Alliance,Former Customer,Churning,,MM,TRUE,,,,established integration method
0011400001oTpPH,Questrade,Former Customer,Churning,,CAN,,,,,flat file or unidentified method
0011400001fMm9K,"Green Circle Growers, Inc.",Former Customer,Churning,,MM,TRUE,,,,established integration method
001a000001U1RQN,Verra Mobility,Former Customer,High,,ENT,TRUE,,,,established integration method
0011400001aCPRc,Manderley Turf Products Inc.,Former Customer,Churning,,CAN,,,,,flat file or unidentified method
0015Y00004eCIXR,Scene,Customer,Low,,CAN,,,,,flat file or unidentified method
0011400001jpLit,MSA Professional Services,Customer,Low,0.14,MM,,,TRUE,,established integration method
0015Y00002p7ABr,PureField Ingredients,Customer,Medium,0.29,MM,TRUE,,,,established integration method
0011400001s5DLK,Davidson Technologies Inc,Customer,Low,0.01,MM,,,,,flat file or unidentified method
0011O00002NbolK,CLFIS (UK) Limited,Customer,Low,0.02,UK,,TRUE,,,established integration method
0015Y00006IeCuj,NOVVA DATA CENTERS,Customer,Churning,0.64,SMB,,,,TRUE,established integration method
0015Y00002ZvBZd,RISE Real Estate Company,Customer,Low,0,FINS,,,,,flat file or unidentified method
0011O000022JHvA,Peter Millar LLC,Customer,Low,0.05,MM,TRUE,TRUE,TRUE,,established integration method
0013000000qHzLt,McNeilus Financial Inc.,Customer,Low,0.02,ENT,TRUE,,TRUE,,established integration method
0011O00002VOtTc,City of Rochester (RPU),Customer,Low,0.13,MM,TRUE,,,,established integration method
0011O000022JBKw,Alliance Steel LLC (and affiliated companies),Customer,Low,0.02,SMB,TRUE,,,,established integration method
001a000001LGvqP,DFB Pharmaceuticals LLC,Customer,High,0.25,MM,TRUE,,,,established integration method
0015Y00002Zu9Rn,Addenda Capital Inc,Customer,Low,0.07,SUB,,,,,flat file or unidentified method
0011O00001zwYHy,"Vital Strategies, Inc.",Customer,Low,0.15,MM,,,,TRUE,established integration method
0011O000024ym0E,Wilbert Inc,Customer,Churning,0.48,MM,,,,,flat file or unidentified method
001a000001Rtsra,EcoDyne Limited,Customer,High,0.23,CAN,TRUE,,,,established integration method
0013000000qI0S0,"Green Plains, Inc.",Former Customer,Churning,,MM,,,,,flat file or unidentified method
001a000001Qew3j,Lenox Corporation,Customer,Low,0,MM,TRUE,,,,established integration method
0011400001jqAal,"North American Stainless, Inc.",Customer,Medium,0.24,MM,,,,,flat file or unidentified method
0015Y00003gwX93,Eridan Communications,Former Customer,Churning,,SMB,,,,TRUE,established integration method
0013000000qHwPU,CBL Properties,Former Customer,Churning,,FINS,,,,,flat file or unidentified method
0011400001qzJ6L,"City Ventures, LLC",Customer,High,,FINS,TRUE,,,,established integration method
001OO00000d07xiYAA,My Funded Futures,Customer,Low,,FINS,,,TRUE,TRUE,established integration method
0015Y00003zdUIt,BCD Travel Services B.V.,Customer,Low,,Intl,,,TRUE,,established integration method
0011O00002Lm993,Center for Civilians in Conflict,Former Customer,Churning,,SMB,,,,,flat file or unidentified method
0011O0000251P37,D.light Design Ltd,Customer,Medium,,Intl,,TRUE,TRUE,,established integration method
0013000000qHvDX,"Amerhart, Ltd.",Former Customer,Churning,,MM,,,TRUE,,established integration method
001OO000003rgfJ,JT Consultancy,Customer,Low,,UK,,,,,flat file or unidentified method
0011400001qzQ9N,South Central RIC,Customer,Low,,MM,,,,,flat file or unidentified method
0011O00001xRnHf,Chicago Trading Company,Former Customer,Churning,,FINS,,,,,flat file or unidentified method
0011400001qzMus,Inscape Corp.,Former Customer,Churning,,CAN,,,,,flat file or unidentified method
0015Y00003O7t0nQAB,AVR-Afvalverwerking B.V.,Customer,Low,,Intl,,,,,flat file or unidentified method
0015Y00003zclmz,TradingHub Group Limited,Customer,High,0.17,UK,,,,TRUE,established integration method
001a000001UwI3s,Riddle's Group,Customer,High,0.12,MM,,,TRUE,,established integration method
0011O000022ILFa,"Jones Capital, LLC",Customer,High,0,MM,TRUE,TRUE,TRUE,TRUE,established integration method
0011O00001zwdy1,"Success Academy Charter Schools, Inc.",Customer,Low,0.01,ENT,,,,TRUE,established integration method
0015Y00003qUDkY,uMotif,Customer,Medium,0.06,UK,,,,,flat file or unidentified method
0015Y00005cSqmI,Cabot Citrus OpCo LLC,Customer,Low,0.08,SMB,,TRUE,,TRUE,established integration method
0015Y00004xv1lT,Ally Medical,Customer,Medium,0.19,MM,TRUE,,,TRUE,established integration method
0013000000qHvgW,Clinical Education Alliance,Customer,Low,0.19,SMB,,,,TRUE,established integration method
0015Y00002yQ5jp,9753052 CANADA INC. dba Victoria Park Medispa,Customer,Medium,0,CAN,,,,TRUE,established integration method
0011O00002IwDXv,"eGenesis, Inc.",Customer,Low,0.24,SMB,,,,TRUE,established integration method
0011400001ckgjd,University of Detroit Mercy,Customer,Low,0.07,ENT,,,,,flat file or unidentified method
0011400001dMmoy,"JF Acquisition, LLC",Customer,Medium,0,ENT,TRUE,,,,established integration method
001a000001YLt5b,Vomela Specialty Company,Customer,Low,0,ENT,TRUE,,,TRUE,established integration method
0013000000qHxIZ,"Fund Evaluation Group, LLC",Customer,Medium,0.67,FINS,,,,,flat file or unidentified method
0011O00001xSNKj,GRID Alternatives,Customer,Medium,0,MM,TRUE,,,TRUE,established integration method
0011400001eegiL,Urban Land Institute,Customer,Medium,0.29,MM,,,,TRUE,established integration method
0015Y00002yPsMb,NATT Tools Group Inc.,Customer,Low,0,CAN,,,,,flat file or unidentified method
0011O00002D4iEJ,The California Wellness Foundation,Customer,Medium,0.82,SMB,,,,TRUE,established integration method
0011O00002E5XoE,"MJ Holding Company, LLC",Customer,Low,0.03,MM,TRUE,,TRUE,,established integration method
0013000000qHxiA,Ford Foundation,Customer,Medium,0.73,MM,TRUE,TRUE,TRUE,,established integration method
0015Y000060Pev3,Corient Advisors LLC,Customer,Low,,FINS,,,TRUE,,established integration method
0011400001qzNc9,First National Bankers Bankshares Inc.,Customer,Low,0.04,FINS,TRUE,,,,established integration method
0015Y00003h0L75,"Secura Bio, Inc.",Customer,Low,0.08,SMB,,,,TRUE,established integration method
0011O00002OLs77,BrightPet,Customer,Medium,0.25,SMB,TRUE,,TRUE,,established integration method
0011O0000251Flm,TSNE Mission Works,Former Customer,Churning,,MM,,,,,flat file or unidentified method
0011400001s5BS0,Ulterra Drilling Technologies L.P,Customer,High,0.01,MM,,,,,flat file or unidentified method
0015Y00002YbHma,Terrestrial Energy Inc.,Former Customer,Churning,,CAN,TRUE,,,,established integration method
0011O00002OMyaw,Beacon Platform Incorporated,Former Customer,Churning,,SMB,,,,TRUE,established integration method
0011400001qzNml,Methodist University,Former Customer,Churning,,MM,TRUE,,,,established integration method
0011O00002BSqmV,iAUTOMATION,Former Customer,Churning,,SUB,TRUE,,,,established integration method
0011O00001yoGBQ,Healthcare IT Leaders,Former Customer,Churning,,MM,,,,,flat file or unidentified method
0011O00002VNcrm,US Endo Partners,Former Customer,High,,SMB,,,,,flat file or unidentified method
0011O00002GJKmb,Bank Iowa,Customer,Low,,FINS,TRUE,,,TRUE,established integration method
0011O00002MjIb8,Arden University Limited,Former Customer,Churning,,UK,,TRUE,,TRUE,established integration method
0011O00002VPr3i,Talent.com,Customer,Low,,CAN,,,,TRUE,established integration method
0011O00001ymPjW,NetDocuments,Former Customer,Churning,,SUB,,,,,flat file or unidentified method
0011400001bPfZxAAK,Wellspring Pharmaceutical Corp.,Customer,Low,,ENT,TRUE,,,,established integration method
0015Y00003gxx4S,Macadam Europe NV,Customer,Low,,Intl,,,TRUE,,established integration method
0011400001qzBKG,SIG Packaging LLC,Former Customer,Churning,,ENT,TRUE,,,,established integration method
001a000001UxmSCAAZ,City Wide Maintenance,Customer,Low,,MM,,,,,flat file or unidentified method
0011400001fMlvm,"Antarctic Mechanical Services, Inc.",Customer,High,,MM,,,,,flat file or unidentified method
0011400001mt3mh,BenefitMall,Former Customer,Churning,,FINS,,,,,flat file or unidentified method
0011O00002GK44E,Vance Thompson Vision,Customer,Low,0.02,MM,,,TRUE,TRUE,established integration method
0015Y0000538kUN,American Secure Living Inc. d/b/a Truehold,Customer,Medium,0.1,FINS,,,,TRUE,established integration method
0015Y00005cSerd,Terrabis,Customer,Low,0.13,SMB,,,,TRUE,established integration method
0013000000qI0he,SphereNY LLC,Customer,High,0.06,ENT,,TRUE,,,established integration method
00130000015ebkI,BGIS Global Integrated Solutions Canada LP,Customer,Medium,0,CAN,TRUE,,,,established integration method
0011400001qzFll,"DD TRADERS, INC. d/b/a DEMDACO",Customer,Medium,0.2,MM,TRUE,,,,established integration method
0011O00002GJQDxQAP,All Weather Contractors Inc,Customer,Low,,SMB,TRUE,,,,established integration method
0015Y00002tERFC,Catholic Housing Ventures,Customer,Churning,0.99,MM,,,,,flat file or unidentified method
0015Y00002lxe85,Corza Medical,Customer,Medium,0,ENT,TRUE,,TRUE,,established integration method
0011400001qzHIG,Nazdar Ink Technologies,Customer,Low,0.02,MM,,,TRUE,,established integration method
0013000000qHvE2,American Transmission Company LLC,Customer,Medium,0.04,MM,,TRUE,,,established integration method
0011O00001zwhsU,Shoals Technology Group,Customer,Medium,0.01,MM,,TRUE,,TRUE,established integration method
0011400001pYEQh,KIPP Metro Atlanta,Customer,Medium,0,MM,,TRUE,TRUE,TRUE,established integration method
0015Y00002eGedP,Velcourt Group Ltd,Customer,Low,0.97,UK,,,,,flat file or unidentified method
001OO00000QpUZv,"Newlight Technologies, Inc.",Customer,Low,0.15,SMB,,,,,flat file or unidentified method
0011400001qzLnu,"Seiner Management, Inc.",Customer,Low,0.14,MM,,,TRUE,,established integration method
0011O00002HIYBo,VetStrategy,Customer,High,0.35,CAN,TRUE,,,TRUE,established integration method
0011O00002Ivk9E,Iodine Software,Former Customer,Churning,,MM,,,,TRUE,established integration method
0011400001qzKbM,GLS Canada,Former Customer,High,,CAN,,,,,flat file or unidentified method
0011400001qzB1Y,Peterson Cheese,Customer,Low,0.01,MM,TRUE,,,,established integration method
0015Y00002iTyaS,Fiberklaar BV,Customer,Medium,0.38,Intl,,TRUE,TRUE,,established integration method
0015Y00002mn2bz,Coinberry,Former Customer,Churning,,CAN,,,,,flat file or unidentified method
0015Y000039L1WD,Alliance Healthcare Romania SRL,Customer,Low,,Intl,,,,,flat file or unidentified method
001a000001UuYiB,"Builder Homesite, Inc.",Former Customer,Churning,,FINS,TRUE,,,,established integration method
001a000001UwI3r,"Rigaku Americas Holding, Inc.",Customer,Medium,,ENT,,,TRUE,,established integration method
0013000000qHwD1,City National Bank,Customer,Low,,ENT,,,,,flat file or unidentified method
N/A,,,,,,,,,,flat file or unidentified method
0015Y00002vbAjzQAE,"Saint John's Communities, Inc.",Customer,Low,,MM,,,,TRUE,established integration method
0011400001qzQAwAAM,Jedson Engineering,Customer,Low,,MM,,,TRUE,,established integration method
